word,clean
rewind
udh,sudah
rame,ramai
raditya
fix,selesai
kameranya
smoga,semoga
nonton
wow
rich
nton,nonton
abisampe,sampai
pink
the
btw,ngomong ngomong
edho
what
menyerang
pengen
aulion
rando
penampakan
editnya
chandra
judulnya
gold
scene
hahaha
youtube
yt,youtube
yutube,youtube
here,disini
kebanyakan
azka
god,bagus
eno
youtuber
yor,youtube
eclips
rewaid,rewind
young
ngak,tidak
eclipse
who,siapa
aing,saya
baper
ga,tidak
yg,yang
yutuber,youtuber
terlihat
karen,keren
gak,tidak
perhatikan
subs,subscriber
brian
ane,saya
menurut
bsok,besok
gw,saya
ikutan
im,saya
baget,banget
tu,itu
bat,atau
fck,fuck
awkarin
mantab,mantap
ntah,entah
behind
berharap
dovi,andovi
bagusan
ngakak
dulu
arap
bosenin
katanya
kg,kangen
hua,bagus
terjadi
coeg,kamu
gokil
disini
perem
is,adalah
fotonya
ditungu,ditunggu
maksudnya
ata,atta
thun,tahun
dibanding,banding
terbaek,terbaik
mantep,mantap
kualitasnya,kualitas
alig,apa
gara,gara gara
judulnyashare,judul nya share
civil,sipil
semuanya,semua
moment,momen
lagunya
sapah,sampah
asik
lebik,lebih
awowlwokwkwkw,hahaha
ngeditnya
old
ei,hai
angkatan
njir,wih
aska,azka
cuy,hai
bener,benar
akhirnya
kemampuan
arief
chanel,channel
nesie
ajakajak,ajak ajak
link
skiny,skinny
zenmatho
kerenan,lebih keren
like
tiktok
udah,sudah
epic
youtubers,youtuber
backsoudnya,backsound
gokilapalagi,gokil
blm,belum
syet,apa
rewatch
bgt,banget
knp,kenapa
notch
very
scenenya
terasa
omg
cubang,lucu banget
devina
beuh,mantap
jonatan
meriah
mampang
pa
adanya
kerenmemang,keren memang
nya
edhozel
gk,tidak
reviewer
garapan
vidio,video
banga,bangga
ko,kenapa
coming
please
aha,hahaha
ntap,mantap
proud
give
klo,kalau
skak
justin
simple
youtubersekarang,youtuber sekarang
apan,apaan
legend
stil,still
dejavu
bagusekali,bagus sekali
yourubers,youtuber
mantapterus,mantap terus
ytr,youtube rewind
bhine,behind
nyasar
anjrit,anjir
kog,kenapa
chiga
ntn,nontoh
nyadar,sadar
nyari
motion
videolagu,video lagu
hered
haha,hahaha
sambalado
ternyata
berkarya
evn
bro
yas
gile,gila
th,tahun
dut
sory,maaf
yo,iya
dulusoalnya,dulu soalnya
ekwkwkw,hahaha
desmeber,desember
gatau,tidak tahu
belom,belum
saudaraku
ajakin
marlo
nontonin
guys
rasanya
ashiap
dota
berkalikali,berkali kali
yon
mananih,dimana
gaming
indomie
beatbox
zenmathoerpanvianogaming,zenmatho erpan viano gaming
yonglek,younglex
enga,tidak
soundtracknya
bandingin,bandingkan
onk
membawa
share,bagikan
keinget
best
hahahaha,hahaha
beck,kembali
algu,lagu
nihntar,nanti
up,mantap
alamatnya
reza
semoga
kerenkerenkerenmaju,keren
remix
woy,hai
views
bangetwalaupun,banget walaupun
engeh,iya
mantabz,mantap
editornya
vianogaming,viano gaming
jt,juta
koharo
kasian
wih
af
hm
wtf,what the fuck
kevin
jamanya,jamannya
partnya
gledek
worth
du,di
yutub,youtube
videonya
yah
aulionkecebur,aulion kecebur
that
blum,belum
mengucapkan
laurentius
kgn,kangen
my
edozel,edhozel
before
termotivasi
big
you
so
wkwkwk,hahaha
dahzaman,dah zaman
sumaph,sampah
cant
smp
mantav,mantap
anjos,anjay
bangetbeda,banget beda
cekrek
sampe,sampai
nice
gt,gitu
awesome
suwe,lama
dipakai
dilihat
sumpahkeren,sumpah keren
anakpapah,anak papa
ecelips
wkwkwkw,hahaha
wsk
ngeh,iya
bagian
masi
miawaug
bakalan
trending
smua,semua
plis
kuerenbangethumbsup,keren banget
aulions
nga,tidak
kerenbagus,keren bagus
menonton
dat,tidak
serching,searching
waw,wow
crack
mis,miss
love
lamanya
kangenseriusyutubkayagini, kangen serius youtube kayak gini
nungu,nunggu
keanehan
masamasa,masa masa
ntaph,mantap
adakah
ea
where
yeay
sule
radit
this
sd
next
abiz
riwend
rapstonout
helo
audionya
aryanata
ak,aku
sudadip
menarik
ow,wow
bisanya
lejen,legend
delivery
sukak,suka
youtubersnya,youtuber
terbaik
kren,keren
ngedislike,dislike
gamers
when
creatif,kreatif
ajg,anjing
petcah,pecah
maf,maaf
sailor
anying,anjing
erickontol,erik kontol
inside
tetep,tetap
kalimantan
anjer,anjir
menjadi
edhozelvianogamingbang,edhozel viano gaming bang
beb,sayang
kenapavautonetmagz,kenapa autonetmagz
tercengang
hurufgokil,huruf gokil
lg,lagi
true,benar
men,kawan
yak,iya
suport,support
dislikes,dislike
gamerejati,gamer sejati
credit
palingan
pake,pakai
nes,mantap
fel
nyonglek,younglex
klw,kalau
anies
wil,akan
kerem,keren
lastday
warbyasah,luar biasa
saik
bangetsuport,banget support
gils,gila
awhkawk,hahaha
andovi
glow
dochi
gazele
iku,itu
terharu
geliu
bray,kawan
ae
editing
beat
wait
realy
such
bangt,banget
gilak,gila
manequin
anyway
go
hacep,mantap
amazing
videogokil,video gokil
bugilsundaesx, bugil sundae
music,musik
bangtara,bang tara
bkin,bikin
tawuran
kerengak, keren tidak
sbelum,sebelum
just
its
pao
lagulagu,lagu lagu
ericko,ericko
gan,kawan
coy,kawan
kebahagian
dektik,detik
namanya
bangsad,bangsat
ketahun
kembalikan
enalakunya, enak lagunya
kyra
tuh
for
background
enaknya
wkwk,hahaha
gwp
wo,wow
sya
ngedit
mashup
favorite,favorit
alo,halo
kis,kiss
tampangamingkylezefanyagogogoypokopowjejeadrielsonalibaba, tampan gaming
hapsah
infonya
nadie
moments
editanya,editan nya
bodo,bodoh
siayapa,siapa
pertanyanya,pertanyaannya
vidnya,video nya
younf,young
yayayayayayayay,hahaha
due
cwe,cewek
mengabarkan
vibesnya
woi
younglex
wahahahaha
directornya
cib,apa
ma,apa
salfok,salah fokus
and,dan
gemerteran,gemetar
ketjeh,mantap
hwanjir,anjay
thumb,jempol
watch
komen,komentar
your
coronavirus
skinyindonesian
yeah
mamank
pngen,pengen
lengkapisyana,lengkap isyana
nanya
yok
rip
indovidgram
seneng,senang
indo,indonesia
konsepnya
terakhir
liatnya
pov
kerenits,keren
dudadadidadi
jga,juga
marcow
ataupun
sumpahkerenlove,sumpah love keren
njing,anjing
raper
kereny,keren
perawatan
gasabar,tidak sabar
kpn,kapan
tomylim
congratulations
scane
utube,youtube
busceminya
mna,dimana
daebak,mantap
engak,tidak
mancap,mantap
berkualitas
tibatiba,tiba tiba
dimenit,di menit
mantul,mantap
ap,apa
yay,hore
try
hubungan
youtub,youtube
pertanyan,pertanyaan
kerasa
redfo
kunjungi
emg,memang
ngakakpertama,ngakak pertama
login
bosen,bosan
berkali
menungu,menunggu
sejuta
makasih,terima kasih
legends
damn,mantap
han
hasilnya
youtubernya
yes
yora
atajes
eyow
kejayan
azng
kilin
gapernah
dont
fanstastic
ngeliatnyakeren,melihatnya keren
taulagulagunya,tau lagu lagu nya
kerend,keren
an
max
terpecahkan
mendingan
trendingkan
balikan
throwback
bagianya
delay
nuh
cptan,cepat
nantu,nanti
penutupan
nunguin
nongkrong
netizen
kn,kan
asek,asik
maen,main
galiat,tidak lihat
andaikan
melihat
hay,hai
masukin,masukkin
perasan,perasaan
first
ytb,youtube
megang
menut
dumdaridamdimdam
dabest,the best
kehabisan
chandraliow
menolak
kli,kali
tulisancapek,tulisan capek
cewe,cewek
bitches
des
pke,pakai
dislike
arts
woho
ginierickolim
berkelas
anjay
corbuziernya
coment
musiknya
kyle
pokopow
ny,nya
tuhun
sunda
sikodok
lol,jelek
penyelam
abes
meledak
moba
blom,belum
col,cool
yh,yah
hiburan
setuju
subscribers
ml,mobile legends
trend
disat,di saat
membuat
kerenbanget,keren banget
diperhatinedho,perhatiin edho
nonoron
sayangnya,sayang nya
thn,tahun
terimakasih,terima kasih
dedy
setelah
dafuq,what the fuck
kelewat
filemnya,film nya
beter,bagus
wk,hahaha
tep,tetap
bnget,banget
actualy
view
pertamax
ngomong
alaymealayme,alay
ganguan,gangguan
apip,afif
yagod
merknya
helmi
ngulang
kekurangan
hah
citata
golden
remixnya
pacarnya
mr,tuan
did
pgn,pengen
group
chandralow
dimaksud
home
lololol,hahaha
vibu,wibu
mnt,menit
jos,mantap
yng,yang
petjah,pecah
motionya,motion nya
nontonfilm,nonton film
nob,jelek
sebagian
bangetapalagi,banget apa lagi
ekspetasigila,ekspetasi gila
kezel,kesal
koq,kenapa
acount
penonton
part
kerenmantap,keren mantap
bikinin
mnjmpt,menjemput
kerenputeri,keren putri
yuotube,youtube
strong
membuktikan
alay
bersatu
wuo,wow
walaw,walau
jovi
whats,what
keindahan
upluoad,upload
baiknya
mix
gini
pokoknya
dri,dari
cangih,canggih
pling,paling
kedua
tontonin
kokngak,kenapa tidak
thebest,the best
nyimpen
harusnya
wew,wow
perfect
budayakan
diberandakalo,di beranda kalau
gay
gtau,tidak tahu
rosi
why
nihyoutuber,nih youtuber
ping
keingat
hehe,hahaha
gs
balek,balik
thanos
nyarin
wao,wow
tulisan
firat,firasat
yri,youtube rewind
musicnya,musik nya
ricigah
raditnya,raditya
berulang
indonesian,indonesia
berlalu
rewindnya,rewind nya
nicely
omegot,oh my god
ori,asli
deti,detik
bagaga
hy,hai
drpd,daripada
warnet
flashback
it,itu
anjoi,anjay
eka
edo
fluxcup
kerensalut,keren salut
branda,beranda
donk,dong
eg,telur
yanglek,younglex
dmna,dimana
waiting
corona
ngarep
nyanyin,nyanyi
berjaya
hatjep,mantap
sunguh,sungguh
unpopular
kerenyg,keren yang
player
nobodyidiots,no body idiots
klas,kelas
fyp,trending
aq,aku
leh,boleh
kai,lucu
bgs,bagus
denger,dengar
ytbers,youtuber
gegara,gara gara
dramadrama,drama drama
kaesang
eriko,ericko
tracklist
viewer
berpuluh
sovl,solve
xd,hahaha
yoks,ayuk
saitama
kataku
pskwk,hahaha
dubsmash
nge
kale,kalau
rezaoktovian,reza oktovian
knapa,kenapa
make
yosh,jos
dabes,the best
karna,karena
yangleks,younglex
mao,mau
cause
dedi,daddy
android
heheheh,hahaha
timone,time one
bravo
boys
osas
garaliat,gara liat
subscribe
mcdygaming,mcdy gaming
nawas
singapura
disitu
list
pingin
como
usama
bomingnya
ericolim,ericko lim
sp,siapa
shit
mising,missing
wanjir,anjay
ngefans
congratelah,congrats telah
back
tulisanya
judunya
nyayi
pertamanya
sinilah
editan
nyasukses,sukses
beachez,beach
wkwj,hahaha
bngt,banget
dmn,dimana
anonymous
ditengah
uploud
tgl,tanggal
ajans,sangat
buanget,banget
woga
mcdy
gokilkeren,gokil keren
hey,hai
briand
bagaian,bagaikan
org,orang
song
yampun,yaampun
gui
terbayang
bomkeren,boom keren
ytri,youtube rewind
suaranya
nanda
publish
jg,juga
hola,hai
wowowowo,wow
merending
hotline
ta,tidak
suer,sumpah
one
while
botjah,pecah
liatnyakalian,liat nya kalian
ldp
pecahbom,pecah boom
mengingat
woh,wow
deik,detik
kerenlove,keren love
aronchupa
neh,nih
ign
dikidi
woah,wow
wkw,hahaha
rendy
ri,benar
sebagus,bagus
amaizing,amazing
sepatunya,sepatu
kenangan
namany,nama
baguskeren,bagus keren
penghujung
matoh
kayaknya
kay
silento
dibikin
semakin
bg,bang
ngumpul
mengubah
maksut,maksud
mengenang
beh,yah
jogednya
gays,kawan
pd,pada
tai
dancenya,tarian
visualnya,visual
dimana
cu,kawan
suasananya
me,saya
mantapbom
skrng,sekarang
soundtrack
kreative,kreatif
yuotubers,youtuber
chandraliowskinyindonesian,chandra liow skinny indonesian
nunging
bilangnya,bilang nya
garcia
bomantap,boom mantap
anjas,anjay
napa,kenapa
chandara,chandra
jgn,jangan
yuotuber,youtuber
yey,hore
jiawa
devinaurel
nieh,nih
njas,anjay
stlah,setelah
boz
soundy
medleymashup
mon
wokeren,keren
kurangedho,kurang edho
banyaknya,banyak
nostaliga,nostalgia
masukan,masukkan
sountrack,sound track
brkrya,berkarya
taragemaedho
bertinju
kuterjebak,aku terjebak
wheres,dimana
kereatif,kreatif
great
lawl
terjadinya
telolet
cros
blod,blood
kerenkerenkeren,keren
bjir,anjay
ges,kawan
pt
notice
wktu,waktu
now
beutc
indonesial,indonesia
dahberapa,sudah berapa
mixing
deren,keren
merindingv,merinding
captain
yotube,youtube
diberanda,di beranda
colebration,kolaborasi
mantaf,mantap
cowoknya,cowok
sebelumnya,sebelum
dimarana,dimana
years,year
fak,fuck
pardos
omgtibakangen, oh my god tiba tiba kangen
disco
jokowi
raditbang,raditya bang
ceweknya,ceweknya
scenes
creator
ripstronaut
dahkagak,sudah tidak
ngeliat,melihat
nantik,nanti
sibotak,si botak
pokemon
mantapo,mantap
richiga,rich niga
nyesel
bersenang
kevinangara
kerenmerinding,keren merinding
mantabs,mantap
ganyangka,tidak menyangka
kngen,kangen
artist,artis
eoni
owh,oh
whut,what
gr,gara
terimah,terima
apapun
kinda
milion
indahnya,indah nya
bangaet,banget
grgr,gara gara
puterputer,putar putar
catatan
actingnya,acting nya
nangis,menangis
idol
apayang,apa yang
wilson
nontn,menonton
skrang,sekarang
bangets,banget
okeh,oke
hanyang
miaw
anjeng,anjing
isinya
producereclipse,producer eclipse
chan
mouldie
ngerasa,merasa
nda,tidak
nampak
cindercela
gamersejati,gamer sejati
bnyak,banyak
semangaterus,semangat terus
berasa
nongolv,muncul
gilakerenbuangetsumpahgk,gila keren banget sumpah tidak
dateng,datang
smuanya,semua nya
mobalog,moba analog
pendapat
menuju
omdedi,om daddy
mobile
kayanya,kaya nya
jedilightsaber
tiktoktol,tiktok
dilan
inilah,ini lah
bukanya,bukan
kl,kalau
bangetsengaknya,banget seenggaknya
njay,anjay
perwakilan
yalah,ya allah
kunto
tg,tanggal
yoi
gilakeren,gila keren
merasa
kerenaku,karena aku
internasionalnya,internasional
surem,suram
mengerti
mesakno
unlike
enakan
mash,masih
kerentetep,keren tetap
greget
bangetsalut,banget salut
njer,anjay
stiap,setiap
edozhel,edhozel
mengingatkan
amv
congratulation,selamat
yahahah,hahaha
isyana
check
banger,banget
karyakarya,karya karya
youtubera,youtuber
gogil,mantap
seberapa
btwyg,ngomong ngomong yang
enth
find
pandemisemangat,pandemi semangat
mntp,mantap
lex
mantapkerengokilajib,mantap keren gokil ajaib
orngyg,orang yang
richbrian,rich brian
dibuat,buat
smashnya,smash
excelent
ecko
buget,budget
euy,kawan
punten,permisi
edhogak,edho tidak
numpang
awesomesampe,keren sampai
whos,siapa
balikin
amazingbanget,keren banget
dipake,pakai
stidaknya,setidaknya
gakuat,tidak kuat
kembalilah
always
selama
gx,tidak
inget,ingat
wkwkw,hahaha
diposting,posting
bingits,banget
duluyutub,dulu youtube
berdua
miau
menurutku
respon
udeh,sudah
mantapz,mantap
woe,wow
ksini,kesini
koleb,kolaborasi
tebaik,terbaik
tseries
naruto
comeback
gazel
judulnye,judul
mkn,makan
cuz,karena
kembaliaku,kembalikan
meskipun
wop
eps,episode
arsyinta
samauel
capt,captain
keyen,keren
gipeaway,giveaway
lanjutin
begitulah
benget,banget
shia
efeknya,efek
bay
steph
pecahbat,pecah banget
lsng,langsung
sehari
dapet,dapat
game
sped,cepat
youtuve,youtube
ytrewindvplease,youtube rewind plis
gakerasa,tidak terasa
jongoliuju
brather,kawan
abistapi,habis tapi
bintaro
inspiratif
came
sound
parahkangen,parah kangen
sue,lama
algoritma
koharotv
dinyanyin,nyanyiin
widih,mantap
mushup
korang,kurang
son,soon
wanjaz,anjay
flasback,flashback
kngn,kangen
randomnya,random
waktunya,waktu
spechlesvideo,mantap
yutup,youtube
gosebumps
bangetduhgk,banget duh gak
mashupnya,mashup
beatboxer
toeoet,tetep
qualitynya,kualitas
tambahin
michi
akhornya
anaknya
iritology
welp
seramai,ramai
komenanya,komentar
youtebe,youtube
utk,untuk
nyalain,menyala
kerensemoga,keren semoga
jo
anjg,anjing
yourself,your self
komposernya,komposer
chandraliows,chandra liow
komenan,komentar
mampangnya,mampang
flahsback,flashback
memperanyakan,mempertanyakan
iki,ini
prety,pretty
dede
twerk
think
prefer
andry
kedepanya,kedepannya
rij
dlu,dulu
gac,tidak
mnit,menit
lht,lihat
povlu,sudut pandang kamu
from
fuckl,fuck
berkembang
suge
cmn,cuman
aih,yah
kerent,keren
sblm,sebelum
bkn,bukan
gabong,gabung
yong,young
indonesianya,indonesia
tomyngakaklim,tommy ngakak lim
senderi,sendiri
eranyakangen,era kangen
sehabis
hafsah
sayangkan
palkon,kepala kontol
fah
perasab,perasaan
segudang
lau,lalu
suksema
terkeren
erico,ericko
dibranda,beranda
ceritanya,cerita
low
nesy,nessie
ratio
prank
rio
edhozelrioardhilahmiawaugpokopowdl,edhozel rio ardhilah miawaug
gwa,aku
yaplis,plis
viewsv,view
gimana,bagaimana
gachatubers
wke,hahaha
gwe,aku
pembuatan
awsm,keren
nesi,nessie
semngat,semangat
knagen,kangen
but
stelah,setelah
keratif,kreatif
gc
jd,jadi
positively
mateng,matang
jon
sugest
huhft,huh
uwow,wow
hmaku
opening
sempet,sempat
kerena,karena
ws
bnyk,banyak
kolab,kolaborasi
daritadi
ehem
pft,ehem
matkiding,lucu
ulangin
kerenpecah,keren pecah
dug
mungkinkah,mungkin
bagetdegan,banget
mush,harus
ngeliatin
bayuskak,bayu skak
kaesangawkarinsama,kaesang awkarin sama
muh
rewindtapi,rewind tapi
pantes
yoyong,young
bole,boleh
pinknya,pink
mudahan
could
caranya
gabisa,tidak bisa
viewsnya
memprediksi,prediksi
kenalin
ytrewind,youtube rewind
ngebandingin
bazeng,bareng
wp,hahaha
yuo
kyandra,chandra
slain,selain
bru,baru
recomend,rekomendasi
youtobe,youtube
hapsahoke,hapsah oke
ukuran
ngeuh,sadar
wel,well
laguname,nama lagu
nicemas,nice mas
skr,sekarang
durasinya,durasi nya
thanks,terima kasih
cma,cuma
on
metaverse
clash
thank,terima kasih
even
openingnya
bernostalgia,nostalgia
beneran
bapao
jango
adayang,ada yang
awawa,hahaha
ntr,nanti
apk,aplikasi
gambarnya,gambar
time,waktu
wkwkwkwk,hahaha
koko
kerinduan
tmbang,tumbang
ingris,inggris
bln,bulan
wrf,what the fuck
cuba,coba
kerenudahcukup,keren sudah cukup
two,dua
come,datang
ars
kumpulan
kerenpaling,keren paling
menikmati
stopmotion,stop motion
bangetsumpah,banget sumpah
selipanya,selipan
tranding
lovyu,suka kamu
bomindonesian,boom indonesia
laguny,lagu
bagusjaman,bagus zaman
how,bagaimana
abisgw,sehabis saya
tangerang,tanggerang
ricg,rich
capuran,sampuran
nemu,menemukan
welcome
elah,yah
andy
covid
broh,kawan
barengan
ngeliatnya,melihat
kakserugokilyoutube,kakak seru gokil youtube
vid,video
bompecahpeningkatan,boom pecah peningkatan
sumpahnontonya,sumpah nonton
mengenal
cherleader
terfavorit,favorit
petjahabiez,pecah sangat
nitip
adovi
tangal,tanggal
puta
prtnyan,party
kalia,kalian
kemaren,kemarin
english
berapayaelah,berapa
setanmirip,setan mirip
dirasain,rasa
tarabang,bang tara
berpisahaku,berpisah
someone
bgtlagunya,banget lagu
nov,november
filnya,rasa
wifi
anjhya,anjing
terpenuhi
qory
chandrarapkajojovi,chandra arap andovi
vroh,kawan
curhatan
kreatifjempolasik,kreatif jempol asik
contest
peryoutubean,youtube
emejing,bagus
menita
yoube,youtube
diedho,edho
dijaman,di zaman
hok
review
wowamazing,wow amazing
ningalin
ytrid,youtube rewind
mantabmampir,mantap mampir
sialan
nontonya,nonton
dafuck,what the fuck
combro
yownon
promosikan
wesek
vidionya
sulawesi
spoiler
ewing
garagara
njirpengen,anjay pengen
bling
ps
sheshi
su
keceh,kece
abisamazing,amazing
smpet,sempat
dsni,disini
ngapa,mengapa
rasane,rasa
naostalgia,nostalgia
somehow
enjoy
mnrtku,menurut aku
skrikep,subscribe
kolabs,kolaborasi
bonekanya,boneka
awasi
momenmomen,momen momen
divideo,video
beboy
abiesmas,habis man
richbryan,rich bryan
judge
munculwkwkw,muncul hahaha
art
friv,favorit
komplitasi
aseli,asli
maz,mas
anjersukses,anjay sukses
msih,masih
noton,nonton
zeranel
mengulang
ksni,kesini
depqn,depan
duwat
sebelah
fresh
kangenin
david
keisini,ke sini
ngentod,ngentot
meramalkan
dpt,dapat
cpu,cupu
aye,wow
abisga,habis tidak
dibilang,bilang
dgr,dengar
danthology
manteb,mantap
kyk,seperti
legendary,legend
viewnya,view
ketingalan,ketinggalan
madnes
mulu
anjig,anjing
kalibaru
diulang,ulang
lgi,lagi
bts,behind the scene
berbaju
cae
terusla
rezaoktofianlagu
yoara
theres
por,miskin
nikmati
yanglex,younglex
micin
wi,wih
ending
screnshot,screenshot
lupakan
tpi,tetapi
mayan,lumayan
sblum,sebelum
congratz,selamat
ek,aku
nurut,menurut
penyatuan
creative,kreatif
akelah,aku
anj,anjing
snapchat
pewdiepie
mengena
donkyang,dong yang
ghina
slur
michael
nyangka
knyanyang,kenyang
radioactive,radio aktif
lgu,lagu
buatan
rapsmash
tingal,tinggal
petikan
nulisnya
rezaoktavian
wth,what the fuck
kungkingkang
inimah
que
crazy
anjimv,anjing
tempatnya
shut
bikinan
tudadita
mikir
awsome,mantap
dikomentar,komentar
fuck
kepikiran
terusnkeren,terus keren
gmn,bagaimana
imis,saya kangen
nyesal,menyesal
miuwaug
pantatnya,pantat
emak
crinj,jelek
meletak
sekalikerenicecolyoutube,sekali keren nice cool youtube
yutubernya,youtuber
bingitz,banget
dantdm
kelakuan
salute,salut
ngomongngomong,ngomong ngomong
plz,plis
take
davidbeat
yongleg,younglex
last
vibe,rasa
nostlgia,nostalgia
penyanyinya,penyanyi
jdul,judul
cie
paopao
beyorselp,be yourself
idenya,ide
napak,nampak
visit
pastinya,pasti
getau
taon,tahun
rq
baliknya
if
jelasin
marketing
didnt
mw,mau
njirngakak,anjay ngakak
pinter
luarbiasa,luar biasa
gamersnya,gamer
ngeoush
benerbener,benar benar
yayang,sayang
sedhap,mantap
kerensuka,keren suka
lord
adicted
dih
have
nais,mantap
woaw,wow
nandaryinta
mengunakan,menggunakan
wihedo
copia
ramput
gelandangan
awalnya
nontonye
melaporkan
kesanya,kesan
yuhu
bangen,kangen
badas
orangnya,orang
seruseruan,seru seru
gimik
kabom,boom
ntar,nanti
thumbs,jempol
wkwkwkwkwkwkwkwkwk,hahaha
nich,bagus
jes
fav,favorit
zel
fuckwhere,fuck where
astagfirulah
smpah,sampah
nonoton,menonton
diyoutube,youtube
perencis
perhatin,perhatiin
jirt,anjay
mici
tbtb,tiba tiba
hahnxcuk
berubah
richigakok
rapgantengbanget,arap ganteng banget
temenan,teman
valak
jumpscare
biran
ngegame
sumpahg,sumpah
judyl,judul
ngajak
begalv,begal
lifia
ditahun,tahun
oreo
conten,konten
subcribe
anjng,anjing
enjoyed
teruskan
kesisni,sini
tauyg,tau yang
serverv,server
never
maygad,my god
wowowowowow,wow
rewacth,rewatch
dijawab,jawab
fans
kutungu,aku tunggu
gad
dance
nyadarkoharo
dj
ingetadvanevercrosnexianopo,ingat
kylo
kangensalam,kangen salam
lamain
njirdisitu,anjay disitu
yalo
nyolong
finaly,finally
dylan
gabasar
baguskrng,bagus kurang
diberandacoba,beranda coba
nitijen,netizen
ngedirect,direct
hehehe,hahaha
woiada,woi ada
tingalin,tinggalin
bgus,bagus
jovial
tomylm
jesnolimit,jess no limit
pelerintar
twist
gilamerinding,gila merinding
theyre,they are
gakalah,tidak kalah
content,konten
kerenapalagi,karena apa lagi
ngpa,mengapa
orog,orang
bgini,begini
kyax,seperti
sekeren,keren
parodinya,parodi
kalaborasi,kolaborasi
apalah
viewers
iniwowkarena,ini wow karena
naisu,mantap
bagusnya,bagus
berbeda
bnazeng
jegel
teaser
colab
gazelion
gilamantep,gila mantap
betz
serunya,seru
yr,youtube rewind
vanteys
bertahun,tahun
bangke
beginian
mulainya
forgot
askshsksk,hahaha
terahir,terakhir
jdi,jadi
recomendation,rekomendasi
ckckck,hahaha
cukv,kawan
dak,tidak
bedanya,beda
source,sumber
anyone,siapapun
sekilas
ngemashup
she,dia
nyusul
lebay,alay
gazale
spawn
bomberkelas,berkelas
redwin,rewind
kerenkocakseru,keren kocak seru
wowal,wow
ntaps,mantap
gaezsumpahbru,kawan sumpah baru
sukur,syukur
kisini,kesini
hope
asalamualaikum
lagistelah,lagi setelah
kipidap
kalan
khoirul
ehbobacot
cringe
njengpas,anjing pas
menyenangkan
alguien
adiknya
cintai
uwa
eyocorona
bangety,banget
salahbeli
rather
online
muantap,mantap
harbatah
ngehe,hehehe
lambatin,lambat
jutan,juta
outdor,outdoor
jamanbmdumbsmash,jaman dumbsmash
intinya
huhuhuhu,hahaha
temankeluarga,teman keluarga
dibawa
omtantemas
yake
perpaduan
dpan,depan
mengagumkan
katro,katrok
dhea
device
minit,menit
gaseies
asyek,asik
lanjutanya,lanjutannya
omaigat,oh my god
ngk,tidak
clasic,klasik
gilakali,gila kali
bangian,bagian
honest
wahada,wah ada
dibagian,bagian
invite,undang
paketnya,paket
ateam,tim
kotaknya,kotak
duba
vera
juraganku,juragan
tay,tai
nolstagia,nostalgia
lho,loh
richciga,rich chiga
crash
wedew,wow
wowhebat,wow hebat
liow
kampungan
upload
penyanyi
nyeh
trenya,tren
dirimu
juduk,judul
remixan,remix
gwnya,aku
sumpeh,sumpah
aulionya,aulion
ghile,gila
jtx,juta
own
kekompakan
memberi
sm,sama
dady,daddy
lbh,lebih
osama,sama
lgsg,langsung
terakhirnya,terakhir
dumang
mrsalah,masalah
coconut
rekomen,rekomendasi
username
cheak
komuk
bruno
koalabro
gakini
hbs,habis
kaga,tidak
diajak,ajak
merusak
dimulai,mulai
corontod,corona
ijin
jamanjaman,jaman jaman
bocoran
cantiknya,cantik
aw,wow
petinju
klau,kalau
pc
january,januari
sebarin
apaya,apa
md
wanjeng,anjing
youtubersindonesia,youtuber indonesia
yourtod,youtube ngentot
mneit,menit
titid,kontol
sacha
clay
haduh
direwind,rewind
youtubes,youtube
no,tidak
everyone
subscribed,subscribe
kerensampe,keren sampai
setahun,satu tahun
berpisah,pisah
uw,wow
kaka,kakak
flashbck,flashback
rupanya
papau,papa
trnyata,ternyata
seindah,indah
hbis,habis
njirada,anjay ada
drible
mukanya
jesus
erix,erick
mane,dimana
lupabesok,lupa besok
sy,saya
youtuberwnd,youtube rewind
gerakany,gerakan
younglexnya,younglex
korea
gacor,mantap
jod
giveaway
komentarnya,komentar
setukju,setuju
iconic
anjis,anjay
or,atau
desermber,desember
bj
dimenih
winson
whuanjer,anjay
penontonber,penonton
yucuber,youtuber
wakwakwak,hahaha
mp
ngeremix,remix
meramal
autap
jmn,jaman
asiyap,ashiap
laluga
eyo
nyegerin
sumpahremix,sumpah remix
ndak,tidak
yl,youtube
kerenitu,keren itu
ntapz,mantap
bomeletak,boom letak
memorable,berkesan
pardon,percaya
uwaw,wow
laurentiusrandobagus,laurentius rando bagus
otw
sw
sma
abisbom,abis boom
bagustpi,bagus tapi
youtuberoldyoutuberskrng,youtuber old youtuber sekarang
guokil,gokil
bgsan,bagus
diajakin
kerenya,keren
bali
rachel
disana
materinya
seblum,sebelum
salshabilah
kerensuportindonesiayoutubersterus,keren support indonesia youtuber terus
yag,yang
rhaditiya,raditya
nontonyapalagi,nonton apa lagi
meh
ig
bangetcuman,banget cuma
ntabs,mantap
wihkeren,wih keren
gausah,tidak usah
krn,keren
july,juli
danu
semuanyatolong,semua tolong
keberapa,berapa
dahteruskan,sudah teruskan
sambala
uptown
emasan
kerne,karena
hrs,harus
wowaku
mantaps,mantap
taw,tau
erpan
jlk,jelek
hadeh,aduh
nm,nama
kirain
skali,sekali
akhirakhir,akhir akhir
semacam
msa,masa
suaranyav,suara
meyoutubekan,youtube
sumpahgue,sumpah aku
skinyfabs
vidonya,video
drag
vr,video rewind
gabut,malas
tk,tidak
lagacrash,laga crash
nyadaritu,sadar itu
ramdom,random
ngeinget,ingat
chinga,chigga
gaperlu,tidak perlu
kwkwkw,hahaha
ozm
beauty,cantik
bingitsn,banget
wu,wow
haisaya,hai saya
yet,sekarang
poi
wkakwkakw,hahaha
temen,teman
bastic
erikontol,erick kontol
dawin
disni,disini
menjelang
nti,nanti
barvo,semangat
legendlegend,legend legend
djiwa,jiwa
abisaku,setelah aku
nontom,nonton
lein,lain
yoyon
ramesepi,ramai sepi
ip,iphone
mantas,mantap
singapore
gogogoy,semangat
anjim,anjay
chers
lelakikardusv,laki laki kardus
namahokbisa,nama bisa
berjuang
petchahaulionya,pecah aulion
copyright
terlama
omid
yamohon
berarti
ntahlah,entah
gaes
dibawahnya
subhanalah
endrose
copyrightnya
inigara
badblod
berkaraya
terselubung
rake
mobilegendwkwkwk,mobile legends hahaha
syang,sayang
saluto,salut
standing,mantap
december,desember
ger
khairunisa
masanya
boy
kerengokil,keren gokil
jodiemotovloghd
vngnc
diawal
dead
otaknya
yamuter
abishidup,setelah hidul
penotnton,penonton
lagutapi,lagu tapi
ready
candraliauw,chandra liow
wowbagus,wow bagus
laurebtiusrando
setujuh,setuju
cihga,chigga
bromending,kawan mending
end,selesai
terutama
mn,dimana
dtonton,tonton
taylor
tenan
notif
lha,loh
sebelum
vang,yang
nostalgiabis,sangat nostalgia
amezing,amazing
munculnya,muncul
pasukan
mesink
lakik,laki laki
mqntap,mantap
widihkak,mantap kakak
huhu,hahaha
krena,karena
ngebanding
kgen,kangen
co
imasa,masa
dibuatin
gamer
boms,boom
goa
subscribernya,subscribe
seadanya
dizaman
malem
omglove,oh my good love
jugde
kebakaran
omi,oh my good
cepet
toutubers,youtuber
mncoba,mencoba
kerengila,keren gila
baeu
lacodefin
putihreza,putih reza
viano
klambi
rb,ribu
test,tes
lanjutkan
sedi,sedih
tahunbaru,tahun baru
uy
stephanie
ajaj,hahaha
arapada
bnger,banget
disilikes,dislike
ngilang,menghilang
huhuhu
throw
davidwongart
tyrewindind
rambutnya
pubg
kalinya
brp,berapa
dimashub
haruse
tomy
mainin
guav
rewaind
ngena,terkena
ytrk,youtube rewind
filtet
diantara,antara
whip
paraparapara
berinding,merinding
gwhalo,aku halo
budget
koreanya,korea
bazing,amazing
wkwkwkwkwkwkwkwkwkwk,hahaha
oy,hai
mbdc
blg
arao
kesian,kasihan
fathia
setalah,setelah
subrice,subscribe
flash
erickonto,erick kontol
sihwalau,sih walau
nangid,nangis
jaidi
pandoev
cantika,cantik
erickolim,ericko lim
pembukanya
dufan
miauwaug
wowkeren,wow keren
shoutout
tipang
guw
gaterlalu,tidak terlalu
merindukan
jodie
kerenanan,lebih keren
kerenbangeret,keren banget
thx,terima kasih
mobi
msh,masih
pochinki
kokoh
cindygula
cm,cuma
bneran,beneran
kiflyf
hargai
nh,noh
perfeck
backsound
aisyah
excited
scen
alan
teloletnya
seharusnya
ofline
israel
at
nelepon
utap
anji
picky
lek
belajar
ky,seperti
yahya
saih
awkarn,awkarin
jerimy
godbyeclipse,good bye eclipse
ekata
hahahah,hahaha
most
cream
cukl
oliv
beacon
sayanknya,sayang
yeh
jodiemotovlog
deus
suback
pirst
ver
realitanya
beaconcreampsrah,beacon cream pasrah
endingnya
cigul
releasenya
cakepan
fadiljaidi
dufanya
menghibur
nail
ridwan
nelson
youtup
uyey
kesbor
cosplay
samyang
special
smel
basic
silver
jul
makeup
kulebih
suck
baby
lamabaru
manca
king
wenak
yahsayang,yah sayang
debest,the best
cici
bandingbagusan,banding bagusan
uvuvwevwevwe
omobi,om mobi
duper
jodier
yosafat
kemasa
alfy
videonygua
terangkanlah
kecepetan
lula
selipin
change
manequen
joker
gilsparahbagus
terkhir,terakhir
pda,pada
kurangnya
ngedab
knpa,kenapa
fatia
kerenkeren,keren keren
abisdan
lmfaoi
parody
eclat
wt,what the fuck
siapamasih,siapa masih
lebi,lebih
salpok,salah fokus
lame,ramai
minyo
weyeh
cman
yeada
dope
taunya
samsolese
temanya
skalian,sekalian
beaconcream,beacon cream
tingalkan,tinggalkan
raney
thats
kacao
hahahagua,hahaha aku
pemula
days
beaconcreamcuy,beacon cream kawan
alhamdulilah
respect
hoverboard
ulala
kerean
jokernya
rialucuv
salutnya
glen
unity
keduax
nyampe,sampai
homepage
sumph,sumpah
run
sambungan
skhak
upsegi
only
agunghapsah,agung hapsah
brohk,kawan
slimenya
lets
bagustapi,bagus tetapi
shadir,hadir
youtubenya,youtube
buburayamracer,bubur ayam racer
reward
terdebest,the best
harapanya
keliatan
ganjaku
firt
survivor
produsernya
nyimak
membandingkan
berkonsep
cringey
trahit
bocil
anjirlagu,anjir lagu
raz
medley
story
scence
viralin
director
lengkapgaje
creamtim
broinilah
komplit
olang
tahunya
krenan
yudist
masuke
anjr,anjir
autonetmagz
palin
mengigat
botle
ngalahin
mnurut
dahtapi
tepe
nanyak
hape
terahkir
andovinya
terkahir
mrinding
richchiga
cindy
oct
alone
cutscene
kreatifnya
jodhie
miawaung
smk
tauyoutube
they
request
dikirain
black
sdh,sudah
terakher,terakhir
cakepo
ngesubscribe,subscribe
kibor
kerentapi,keren tetapi
luthfi
nostalgila
gregetbanyak,greget banyak
njirpas,anjay pas
kepengen,pengen
alansan
slimer
abiez
reuploader
terpirasi
people
bhahaha
jan
yekak
ngir
yabantu
mantanya
awkaren,awkarin
was
wauw
mntap,mantap
depaningin
reaction
kids
cheap
yadi
roydc
kerenam
sepertinya
fvckin,fuck
diputar
menekewin
perbedan,perbedaan
fathiagung
fun
pap
jodiemotoplogmotomobidan,jodie motomobi dan
hubunganya,hubungan
musuhan,musuh
legendnya,legend
chia
permasalah
oemji,oh my god
yoits
mukamuka,muka muka
kecekeren,kece keren
zamanya,zaman
hrusnya,harus nya
stranger
kitendust
absolutely
sangking
slime
drpan
transisimusik
goat
apresiasinya
amjinc,anjing
spechles
entahlah
dimanakah
hatidinternet
tahuwaktu
backsong
muntaz
bxbzusajfyes
miauaug
ew
ultimate
marshmelo
mvp
jakarta
wes
ajig,anjing
guemaujadiyutuber,gue mau jadi youtuber
line
sihtapi,sih tapi
palevi
ux
tv
gelantis
kamen
mastin
frank
parahpecah,parah pecah
pikachu
likes
lagulagunya
siplahg
bayangkanericko
merining
mendulu
hahahahahah,hahaha
yep
gewla
likenya
menurutkumendingan,menurut aku mending
binging
felnya
arib
gitu
hapy
vibes
flip
molnya
memurut
guyg
mksudnya
anjink
gokilnya
bruakakak
team
bingungkenapa
keterakhir
edhoko
wantu
berharab
gud
keliyatan
mntep
bye
mixinganya
jodimotovloghd
wjahnya
kocag
wasnt
stransisi
devi
ibumu
qmack
bruh
muhamad
dimna
bilangin
mnrt
grandong
kaylove
wahkeren
mantapgini
gileboleh
ngereaction
nyambung
tergantikan
baim
jwab
egi
likecomemtand
rialove
menitngaploud
gambarin
scne
orng
vilek
fvck
ned
kepi
ayey
semarang
demn
foir
regie
jody
tolelotnya
keg
bae
manekin
ytrwd
sebenernya
kardef
argh
donald
ginian
banyakin
deleted
cewepas
bgst
lebis
males
talat
sekalisampe
motomobi
lebir
tigreal
jawaban
yudhist
cinematic
nostalgiamerinding
terbaikmerinding
harley
meit
radityadika
frist
malaysia
dahdan
ade
trs
laluapalagi
mengkangen
dag
semuayoutuber
terakhie
senc
cia
emng
senyumanya
alasan
brothers
berlebihan
kawai
lgunya
staringmiawaug
alex
sabtujanuari
regimiawaug
after
dodep
godjob
disekolah
lahirnya
yutob
keknya
history
turn
pergerakan
move
idk
ygvlast
gilatahu
beaconcreamnelson
motomobil
berusaha
php
down
parahah
terlalucepet
sadiz
hadusayang
merindingnya
kle
edno
kntl
duanya
akui
sianjing
youtuobers
yamasih
pergantian
hapsahv
youtibe
kubudukung
zenmanto
yea
tw
pisan
harapan
ngangenin
marsmalowalone
naix
know
gilz
wadaw
temanteman
pakek
aza
berjayalah
pecahan
mengatakan
mingir
yoshi
ngemis
lmao
dibawah
nth
upi
riprapstrounot
hytftg
disimpan
lengkapan
kerenv
whops
parodyin
miawang
seruan
hmpantesan
lulu
memory
atm
welkom
asem
peachy
petjahsumpah
ngeditjdi
kurangruning
ahkir
bermimpi
subtitle
prasan
wtfdonald
wis
diakhirakhirnyamungkin
siregi
ful
youre
katakerenterus
pencampuran
mid
admit
soapers
woq
regy
ngehargain
selanjutnya
marathon
harald
kagen
by
fany
twrbaik
hans
berstruktur
inibikin
ytber
kuharap
nambah
dylandplos
despacito
niga
terngiang
berandadmn
sbnrnya
kgk
vlogpecah
jodi
kemasan
awkarinya
abisan
kidz
dipikiran
gra
yow
glamournya
kern
jrit
adhit
ramein
despite
cgicgian
dibandinf
memasukan
jaidihahahaha
jeremyviari
maneh
react
tae
bhineka
miawaugnya
hidupkan
mo
susunan
mengikuti
trakhir,terakhir
ekspektasi,ekspetasi
hasansjrgak,hasan jr tidak
muncuk
fateh
naro
awashome
netizensuka
atuh
luthfihalimawan
gabayangin
scin
gais
chanrdalow
djiwah
berandayg
kw
eduo
gaktaun
october
tersepona
siminyi
et
nancep
compose
br
mencari
stelahnya
maneqiunya
tracklistnya
videonyapengen
ytrnya
bermain
wei
cebongkokdungu
juntrunganya
help
smack
arman
kemana
ngeremehin
ewind
dude
hatihatidinternet
sihindonesia
bandingkan
pikachunya
gemesh
miauw
gakliat
mksud
tbh
logan
anzai
martin
msasih
cmon
couple
perasa
mengalahkan
richigarich
jodimotovlog
youtap
diundang
pantesan
okay
youtebers
kevinchocs
lit
menyatakan
sape
sendalebihganteng
diliat
akuvideo
gusy
percayalah
diupload
owibutet
wuhu
likev
kebanting
edhozelraditya
astronot
ricis
adc
dibandingin
ngab
gabakal
akuin
ckckckckckckck
vs
nk
healing
psa
terkejut
motovloger
wuh
ngoment
kos
much
soulka
random
bosku
ngasih
swag
berada
tersesat
greatbismilah
gbisa
yoyoyoyo
bausan
jiadi
minijov
berkesan
ansiosa
wohololololo
il
mantapkeren
hwa
kelasnya
kwokowkwowo
gilamantap
manequinya
miaung
goks
ngelibatin
merekamereka
nevingaming
masig
cringy
erikolim
nganu
wc
iyan
aulionedho
duo
bismilah
gayane
motovlog
membosankan
keisni
masha
teruslah
avenger
doank
awkoreng
kesantai
jeje
ho
inibtw
brother
wot
dislikenya
kerenjuga
memungkiri
gaknya
vlog
sarah
nelsonbeacon
anget
ono
iti
bosta
kyak
tawo
ekagustiwana
aploadnya
nir
bangetyoutubers
faded
tdi
gayanya
penjelasan
kepo
backgroundnya
teraneh
gabosen
fantasticgabisa
sebenarnya
ntab
satunya
jdidwjbwkwjw
bahakan
habisd
crew
haveboard
siape
der
regae
wugue
gagaeneg
foui
yesas
international
didetik
imi
ngikut
terakhiran
gasadar
memiliki
savitri
edm
siyapa
miawug
matap
aturan
name
bethebest
bersyukur
hel
masihan
sumarize
au
megingatkan
viral
pacaran
ajgkeinget
taip
merindings
jelekin
astagah
roler
punch
siapaplis
ditonton
termasuk
miaug
ditanah
senyumnya
bosdarling
kwkwk
yrid
refreshing
gemes
nelsonv
nyatanya
mengenai
ngecek
bisakah
lbih
fake
matep
jelex
cringemanquein
siapanya
thankyou
reqafif
syukak
iloveyoubang
arapnya
gaseru
cinematografi
jodiemotovloghdmantap
elek
pecahnya
sentolop
does
ovuvwevwevwe
efort
mke
badanya
kesekian
trakir
mewakili
world
pesanya
sukseskan
terpetcah
ahahaha
hebatnya
pokonya
there
gajelas
dripada
iqbal
beautipul
sirkel
searching
profilnya
kya
wowitu
bangetkemajuan
bitch
endingny
ngntd
setanic
walktu
garingsemoga
diakhir
debes
riyvers
perusak
buatnya
awkward
yup
diragukan
autonet
should
tipangnya
uvuveve
berkelasalam
halilintat
sul
scan
huft
tertata
ketiga
honestly
kiprana
gues
mazing
dasyat
tadinya
pkai
adain
creators
cantikakak
sugeh
nguakak
menontonya
eksis
kefin
niceindonesiayoutube
chakz
adabe
kiten
teteo
laurantius
tshirt
wowowowow
sumpa
wtfviews
frame
initetap
lim
melandasebelum
watched
oya
indonya
awkarpet
yoms
yucub
scrne
sumvah
wuaveweve
whew
filmnya
pls
puncaknya
sarandari
sarinahpadahal
ajing
fk
anticringe
dibandingkan
weird
tsades
soul
dimas
plg
hahahahah
uey
aeon
kreatifsampe
adminya
bes
natsyel
vapers
syp
artas
awekarin
yoshiolo
our
adjum
dayum
datangnya
meaning
dipungkiri
terlambat
today
dear
skrg
lutfi
dyland
kewren
show
earth
terekhir
ngangap
blh
parahparah
biasanya
gmana
yaudah
inisih
anjoy
tierison
kyaknya
bradah
awkaringak
ate
brapa
terakir
itukan
ngakubagusan
garaw
lahedit
rsasanya
tunjukin
sihudh
dheaudrey
yotuber
skil
terbaiklatergua
let
ramadhany
akunya
transisinya
nihminta
pengambilan
slow
biarlah
iliuk
panjangin
rapstronot
fathiahapsah
bertiga
alek
regiwow
kwkwkwkw
bleh
dpn
bimo
terkenal
yaya
membedakan
tastenya
bget
hri
sick
joday
skdr
pertengahan
orangorang
sebenarnyabukan
coldplay
senengnya
urusan
mendapatkan
number
live
cuw
noe
kesukan
awkayin
pdhl
sependapat
tolelot
begus
cacian
new
expect
edhozhel
bersama
rander
spa
mantengin
numvang
sdar
ouy
nyoba
yaps
sudahlah
jujurbagusan
astoronot
gimna
rumornya
buanyak
hei
lagunye
lrando
bagusdeh
membuka
terulang
ajip
ehm
kuduga
jele
kureng
eranya
zentmatho
ekspektasinya
berana
apasihituh
mulutn
yahilah
uplod
badaknya
of
penepatan
beaconcreamiawaugkyle
bajunya
wehmanequin
china
yomz
setiap
sekangen
bring
brown
soalnya
siapin
oiya
stengahnya
rewindgapake
beneryoutube
harapin
gadapet
racikan
apansi
remember
pancen
reupload
jogja
xpetasi
ketata
walupun
syifa
proficiat
comentnya
luh
wagelaseh
mardial
anjai
pechea
wkawkakwka
insyalah
sangatbombastis
dengerin
ytube
under
kepin
runingman
john
marsmelho
telotet
gau
boskuh
ijal
yov
dilemparin
notification
lagikarna
tahukah
ninefit
petjhah,pecah
tha
anaksabun
dimasukin
merendahkan
bnr,benar
terindah
colio
read
age
richmiawaug
terbuang
lowongankerjakantorbandungkami,lowongan kerja kantor bandung kami
rapg
fu
saia
jirlah,anjay
dngr,dengar
tlong,tolong
dsn,disana
gor
uhwhat,apa
hapsa
save
menipu
ngejagoin
nc
mendukung
gakada
vlip
naura
diakui
violets
playlist
barunyadar
bestlah
jadikan
uga
vgnc
enfield
sutradaranya
apasih
miawaugyang
vetul
closing
oliveand
reg
miwaugregi
filem
conoha
gausa
wkqwkwk
kurag
ngevlog
euro
lumayansmpai
awasome
marvel
hilsat
mapus
ngomongin
seseneng
lma
akirnya
echo
panda
pftwat
talong
kristo
kriuk
dengernya
penatan
teraxir
kajo
ditelolet
yahaha
yiha
kangenyoutube
yagak
mngkin
tiktokers
automagz
byk
jujurnta
trandingkan
roy
raditkoala
berdiri
laer
pertamakx
dulumementingkan
miawchiga
berjayanya
abist
ngih
negri
terakhirnyah
musicalyslimevalak
kungkingkangkangv
fil
tepatnya
tp
iyon
mdhmdh
bla
bngst
jugul
menyimpulkan
mingu
gp
nine
bazeg
miawauh
hitz
totaly
wuih
incoming
utubers
supriadi
instrument
dipaksakan
ze
whokaregi
yash
dengerinya
terakhit
turbo
fadhil
tulung
jesica
keyboard
parahsmoga
gabunagn
stay
disinilah
marsmelo
ush
ld
berputar
terkalahkandesember
awekarien
erickontolim
sampis
awaw
fucking
terdabest
jodiemotoplok
okyjem
pewediepie
regiv
haps
ksihan
huhjaman
karinadevi
pencapaian
miawmanuel
gaesv
ngaj
cvk
miawuag
dukunganya
gasama
marshmalow
tibakangen
sebelahnya
brians
any
tl
ayolah
yogs
terbest
yaoutube
seketika
mainanya
baliklah
symphony
boring
suasan
heathens
ngebaca
edhoel
yongclek
merekalah
yaelah
bangetudh
njr
sihyoutube
ngemeng
fitra
krna
stars
nontonyoutuber
samanya
welkayaknya
yeyeyeyeyeye
mint
julifermasukrewind
shoting
dhino
berwarna
songnya
nolstalgia
cancer
taksabar
noiz
ytrkarya
flipbotle
miawaugkak
ngebayangin
seseorang
amerika
seumur
zulham
rindukan
sejujurnya
beut
replay
awkering
timrap
bangetapi
suscribeaqu
tb
mengapacepat
nyq
ytrwn
wkwkwkwkwkwkwkwk
leks
keving
compare
whear
njirt
dikoreksiyri
youteber
project
tanboy
mahluk
mumtaz
sh
menghargai
buatlagi
gogogogogogogo
syutingnya
manaquin
kubuan
kerenterus
bermutu
berkaryadi
yahudah
emejingmampir
goenrock
qahtan
sekedar
tsah
comen
ey
youtune
yha
with
yhu
karin
which
mengecewakan
some
hahah
nauraneonaedhozelnolanayaslimemeliana
nontonhwhwhw
taik
bryan
evnx
hadehalo
backsoud
tararts
kesempurnan
yangpaling
kox
rombonga
netizan
bosque
closer
ademnya
kelupan
bulatnya
gasix
personaly
anjirada
becon
bngfghv
thailandv
richman
maybe
berkumpul
bulet
memukau
ytrw
sob
amatbtw
merindinv
berjalan
devin
berberapa
terkesan
merhatin
bekin
manequien
giliran
ituh
bikinya
kolsayur
drteyh
seandainya
wack
keun
dopnya
fansnya
dahketolong
erick
feb
bug
berhenti
gadak
beny
spam
gegeh
kekuranganya
miuw
walopun
nghate
yutubers
bangsatgregetgak
clas
smalm
mael
mantapbang
qorygore
rapyourbae
ehmata
trash
maunya
kda
kerenbngetapalagi
bangetrasanya
erickolimnya
minute
parahsihkerenbangetanjer
kerenparah
katakata
kopirek
creditnya
nyampah
adsense
maele
aproud
okyt
cgi
parasultabpunberkumpulvbtwtelatkomen
tunguin
josampe
kurg
subscriber
stresmen
btn
malika
hiyahiyahiya
bgusan,lebih bagus
kimi
masok
every
nin
bangata
samlekom
ray
sukalagu
eric
milyha
gren
netijen
storyline
ndedit
btsnya
jojo
mantapgak
berkaca
ngumpulin
asw
bner
gelazeh
bersatujes
gaje
manyun
manatb
terlepas
keisya
kabogoh
editingnya
sekuitwerd
knock
pemakan
moi
yaha
bersatulah
wish
fokusnya
nope
ngehujat
jenie
kmu
touch
ufdgfwivapjchscj
kenak
wadawdawdadadadw
milih
hoam
halah
bijikers
kpop
kemungkinan
olivia
konsepx
kopex
kemasukan
gelay
akwowkwow
michaelsouw
setau
aslipatut
regibang
monmap
squad
pantulan
telunjuknya
tracking
saraswati
milyhya
daril
sanjay
tobanese
coki
koalapo
ding
tanganya
eje
persaman
kurasa
gaguna
blng
nendang
bangetsemua
jaketnya
diluar
sountracknya
konsumsimichael
yeny
kesalahan
uhuk
hampasound
gkda
syantik
qualiti
atikaz
alurnya
naise
fire
guekelebihan
masokh
pendukung
pengeluaranya
aduch
pempat
dela
keselek
animasinya
mli
dilanya
pembukan
ceritatransisi
tujuan
gamink
direct
beud
sampahmomen
mozila
tapimasih
yotubers
dialognya
kemunculan
sengaknya
efects
bukam
kecewanya
mendalam
qaxtan
mantao
viloid
fixudah
judulny
backsoundnya
fre
bersumpah
ilang
ohok
aov
vagus
akwowkwok
vcringe
jamalu
soaper
lgwanjer
bagaimanapun
perfilman
anehcoba
yamusik
grafiknya
menyambut
serahkan
ytrwnd
mleset
doain
wowkwkw
wadadaw
cucok
dipotong
beautiful
hargailah
biutiful
ngehargai
nyet
cau
bodoamat
gamenya
disayangkan
cobak
awalan
viwers
brisia
riyan
bowok
nontojnya
patrick
afif
moralnya
tayangin
kumpulin
sampein
anyo
cahwiguna
lur
bagusoalnya
kyknya
airku
terbawa
haters
saranendingny
bosok
indonesiakita
mendapat
matul
komika
tandingan
ngmng
nyingkirin
apanih
dikira
hargain
beropini
mencakup
awkarim
apresisasi
bagushancur
kun
gamersvloger
dr
uguygu
vania
wad
pua
gmna
hu
alus
yaku
jdhsjgsbsnsgbsbsbsbscbfsvhsvcsgsyu
timelinenya
bertanyapada
rise
kitaindonesia
menyisipkan
meriding
batle
disangka
meningan
babys
doraemonkalo
sarjanayt
without
kesimpulan
ayol
lahkalian
tangung
gilasih
ericklim
kukasih
kwkw
pg
gtw
hiya
renwid
bangalex
bajingan
erpantat
outro
mic
ciuh
menuerut
paula
teasernya
seriusan
perubahanya
kerasmu
sejelek
hahahahahahahahahaha
hoax
bijiker
efec
kepoin
wkwkwkwj
rapstronaut
aovmunculmobile
lovers
epep
patenpaten
bowoauto
persatuan
buatkan
indon
bilike
kesayangan
bedebest
youtubr
jeleknya
ouh
wik
maq
aceh
diapresiasikan
lsgi
gakjelas
likebagusan
mnurutku
adek
iam
dsitu
timeone
pakliks
petchah
hnya
degernya
ketahuan
mandirancan
ryan
postifinya
bestcinta
yourube
kris
njiryang
hobinya
ngerti
membutuhkan
mengkritik
alinga
chungda
sumpanh
irpan
clasd
gokils
baguscuman
berkaria
fast
terbaiktrending
jk
bkentewingmiawaugmana
sihgak
artinya
vin
wkwkwkwkwk
sedep
composer
jisun
nyewa
bantuin
pdhal
gilaga
peucah
wokoko
asm
intronya
lolrewind
prtama
dindonesia
kiesha
bawahproud
dmana
obatnya
komenya
grenscren
storyteling
yailah
motolvog
fckyou
report
mengharap
jiwah
kevinviano
bijix
keisha
beriklim
khabib
choky
uhm
uwu
mlaofpubg
bovo
lagipula
ngucapin
mongolpantat
setidak
cb
tunguakhirnyasuatu
cuktapi
amad
zxuan
rick
punchline
soapking
analogledekauto
adngan
asiap
bored
kntol
yal
gopaybank
mileanya
marion
fod
terbayarkan
berpikir
fx
jerome
tekaharti
tdk
esketit
cwek
kimbekauto
keliat
gka
bagiansiapa
jesmantap
can
trendnya
mejikom
mengharapkan
ginibaca
ainx
eui
ej
instagram
kerenga
composernya
prang
napoli
whyeriko
nunjukin
wkwkwkwkwkw
ngangkat
zonk
keseluruhanya
musiktransisinya
iwh
miawaugindira
gajelasmaksainmusik
manfatpersiapan
mempunyai
kemaz
pade
fist
bouo
timeline
kecepatan
suen
epan
hayuk
akankah
macem
apacuma
rpn
gueatamas
kecewatapi
yw
tujuhbelasan
entaps
made
gangerti
pewdiepay
unlikenya
biral
nashwa
tayo
sangatlike
anybody
tiktokcircle
bedebes
aslinya
product
kejebak
barisan
ekhem
pemikiran
autro
cwenya
godbye
milya
jansampe
maknanya
fodvloger
ngiklan
segmented
penata
disebut
bintangnya
bsns
sada
nay
hlo
kzl
dylandpros
menjijikan
segini
kime
goksbeneran
yaiyalah
rapstrodtol
nyelip
usa
negative
ish
cuygk
bags
suces
jut
efectnya
aniki
dimasukan
besti
everything
abismerinding
stand
bjg
bowov
liay
nisa
nontong
maksain
dramanya
angap
boljug
bntu
wakakakaka
gjls
indosiar
chandraliownesie
dewanya
quality
aning
ditampilin
menanyakan
lalwoakaowkaowowkwoakw
awowowkwok
terserah
ngaco
lile
bowodiakan
akmj
gwcinematographynya
liatnyawahgelaseh
ketolong
berjanji
adany
wib
ngelag
nyakita
sihdan
zep
kerenmantul
ngehate
sampahbenar
mengagu
ktl
karyaterimakasih
kejatuhan
worse
jadin
fine
asians
terdebes
merindingpgn
ditiap
theme
eksekusinya
pertandingan
harusny
merupakan
zenicazone
ekspetasi
woakwoakawoka
sebelahv
ngemix
jaoh
grebek
alpenlibel
kreativ
gapapanamanya
ketimban
dis
ngarap
cd
gamau
bilng
walaupung
berterimakasi
ytrd
detiknya
sumpaherick
sihbut
whare
seamazing
maksa
rafan
kezelek
milea
gapeduli
finalnya
lhu
cyka
memanfatkan
dipanya
terpantau
kalahin
dipart
producer
kritikliat
outronya
ngatain
inima
alien
hahamael
sayayoutube
badebes
wadu
gasesuai
pedukung
wadoh
doraemon
expetasi
shark
gtu
aquina
mhilyha
adeganya
efectfotage
trendingin
terpukau
aloah
ngrangkum
walaupunbanyak
izinchandra
ayosemangat
monton
keliatanya
mntav
elmo
rice
trendingkanterimakasih
ituan
kontok
penyampaian
miawaugmanakandiagamerjga
inisaya
ericknya
keseluruhan
laverari
bolehlah
gadgetin
youtuberbang
disliked
ui
asupan
ngangkang
pansi
sigoblog
efect
disensor
karyamu
hayoloh
gj
apreciate
takamehan
feby
cyav
biarin
folow
gimanapun
gni
pouse
penontonya
wowfary
eve
perbaiki
gakjadi
lupan
terkejoed
tertolong
ngolo
gagara
ngabisin
gktau
ngeriw
kerenlah
awkawawkakwakwakwa
ytrmi
kimihime
cginya
kerengamenya
distaring
huahah
dicky
gangu
mksd
seriously
ats
mengalir
gusion
mengejutkan
joz
sebaik
skakagak
banata
bangak
ncuy
ngerusakbut
cukupn
katakurang
faktanya
wesley
edholdpkevinauliondinadinogazelcandrakemana
kekeyi
apapan
litle
pgen
mantaplah
anw
kmrn
high
ngejek
siapapun
ngoceh
sumfah
sponsornya
parahadiah
folish
terkonsep
respeck
pejcah
hitzed
complain
coegapa
uem
lupada
siborongborongdatang
wey
perayan
bgtmerinding
inindindoindonindoneindonesindonesindonesiaindonesianindonesian
rapot
hatihati
mucho
badhai
menarikhebat
editbgus
bangetcuma
dimanaeka
ng
rebpublik
paraherico
ngerewind
seharusmya
credits
mantp
membangakan
watsaop
post
senganya
nyalip
copy
league
ngomen
star
xdh
bowowkwokw
iyu
marko
shini
cover
youtrew
komenkok
duludulu
menjunjung
udahin
generations
hebatmau
gilaklo
kulitas
subacribe
ipadnya
hancor
sesama
bertema
nabrak
jembud
bp
bagusin
jadinya
gbk
syukurlah
penikmat
parahnih
merasuki
ngikutin
smoth
berperan
nd
lucunya
memperkaya
perfecto
nguin
lalalalalala
sinikurang
bergoyang
saksikan
alpenlible
araptimone
lahgk
ornang
novembermenuju
esitan
burukitu
raditia
worlds
mantol
najes
jlubnya
mdnya
berarty
astaghfirulah
nagita
trima
dripda
ngebilang
akhirny
nyayounglexvmakanbang
pewdiepienya
bangsaharus
makasi
gelaseh
tertipu
guesing
mengapresiasi
ketawan
abangnya
kimy
sihini
work
ytid
sken
bowkep
kbnykn
ahsiap
gopay
congratulationlove
tiktoker
sbntar
rasyah
kreatifitas
souw
terkuat
disampaikan
gimanagimana
drone
disponsori
tembusin
xtentacion
funfact
abisgak
bearti
sekelas
pencarian
rezarap
diapresiasi
semwa
terending
wut
kerenmnmnmnmn
sme
ahegao
dibalik
bede
ouhboedjank
badtp
nontonbuat
expectation
kuranglama
shady
deket
bacod
dikejar
heyo
colim
pahamin
kemasukam
arapandaikan
kaunaik
omaygat
musikny
wowismagis
skakmiawaugpokopowqorygorewing
ajakangen
pengalaman
edhozeltimonereza
pecag
ngeritik
country
skaktimone
tetew
denga
ngegantung
bete
berkata
terlewatkan
perbandingan
ajah
sedikt
ngeskrip
setidakny
momo
mhevin
jesmantul
ekspetasiku
ty
mantapu
moeng
seumpama
bedakan
ngetik
wricko
disebelah
crot
ex
jmbd
lumayanlah
icis
dtk
artekagemaqorygorearapkerychandramsh
udahudah
backround
botolv
biayanya
boyo
mbowo
segitu
nuraini
kacili
garanonton
bobo
ditectorerikolim
berguna
berdosa
vfx
bangsadz
barbaras
yakbiar
siboen
bagusmakna
mengalami
berbau
kebingungan
anjaywkwkwk
pemain
direktor
njirv
cinematography
sitapi
aplause
istrinya
pengemar
surs
blackpink
ngeluarin
eko
seakan
sesusah
pungung
aje
hilih
bomana
diganti
miraehora
pamersama
family
pintunya
wowowowowowowowowo
ngasal
naha
joke
sayurkolgk
ningal
dihargaiya
seorang
termaksa
liks
pemersatu
cacad
jujurini
yaela
pelanin
ajh
hayu
dibaca
gapaham
badmasa
qathan
barokalahu
dikiri
menjijikn
pelari
ngenilai
menebar
mantulmantan
omsenangamer
baksoundnya
kemanakah
nce
mamtul
jing
musti
urutan
twicemana
malumaluin
dipuji
radith
maelevideonya
serasanya
chanelnya
wowh
wear
distrack
indonesiap
sekaliapreciate
yudis
mantapepic
shope
wado
tst
raditricisyounglex
bowoxd
sampahyaitu
untungnya
merekadan
wkwkwkwkw
likedislike
swaulionchandraliowedhozeldp
search
ampir
kick
bangkitlah
trharu
gamasuk
chalenge
kimack
ngangep
kerengakaknya
kemans
nyutradain
keatas
sekalian
gkuat
nothing
perpindahan
kb
komenoke
misreza
miawaugpokopowsonalibabagogogoyisan
bekerja
munculin
perkiran
gktw
algn
ahsiyap
sengajain
gift
dislikenyampahnya
asyapop
gogogo
ngewe
bacotan
wowkwkwowkwowo
terungkap
mudan
yahgue
dijalan
darling
yaytr
rapyourbaegua
trus
kp
sae
esensinya
terbagus
puaz
netijenyangtakpernahpuaspft
nihkalo
bouov
kembangkan
mia
aowkoawk
mantapmantap
pedjah
depanya
campuran
dugan
okekonsep
paraheaters
geamers
bowow
dengam
boro
pmr
inisi
bethebestz
salutsalut
pray
mbois
sonihap
composing
uploadnya
kebukti
krinj
mengambarkan
deloken
atawaduhwkwkwkwkwkw
bagud
ditingal
ngapai
fortnite
gege
xocax
arep
perjuangan
masalahnya
zhar
diakhirnya
emotions
mencaci
penyembah
berikut
lasehan
nanyain
ngaku
wihbiji
yajamalu
bowonjir
iy
oficer
itung
congrats
terkesima
sundtracknya
dipenjara
kemenit
tech
penilaian
mukin
infinity
frost
unch
direwimd
mantapbagusemoga
kiwil
petualang
shiny
roasternya
editanjujur
dihargai
sikirkan
fan
sigundul
bagusn
epictos
bowol
sparkling
rohnya
kuy
rasany
awkawakwa
parahlebih
bedebesbeti
prancis
dk
njeng
mankin
kelebihan
kelihatan
pertarungan
artspokopowewingkevin
sgue
bosiapa
muantab
korma
dit
menampilkan
gadisensor
siefek
wkwkwke
arapchandrafordop
yeheh
ngelike
tlg
daylen
mengigitapi
tot
sentuhan
tercyduk
abdul
sj
breathtaking
karnyanya
skenarionya
merindink
storynya
senyuman
cermati
bekarya
peranin
sesuka
uasu
pengn
braderada
pembuka
byanyi
takambang
richie
wadadadadadaw
wowok
dongo
dibwh
gajauh
backsond
pewdipie
mahada
karyanya
corngrats
petrik
kecewe
masyalah
mind
yulistian
petcahah
wowow
akatsuki
nj
sianying
ariana
menantikan
early
skin
erikcolim
siborong
bosem
bydwy
ngaruh
jck
jepang
lalajo
ngagetin
kesalahanya
malea
berbaik
stream
okelah
hats
ngebosenin
sijes
dislek
terhibur
direction
mgak
ginihm
merindingcongrats
fodvlogernya
ahmad
likesetuju
gajadi
meneruskan
sugoi
snid
angota
tangapan
sekale
perginya
mantapdahsyat
punyasila
sisanya
najwa
lucinta
arapkevintimoneqorygorearief
bangetyg
bergambar
mengutamakan
indonesiatangan
menyampah
wanjay
sponsori
dislake
shock
golsnya
tydack
imo
siboro
gemer
taps
tercemar
mozla
bercahaya
bedalah
bangeterkonsep
chnel
tips
wemas
musih
sejenak
plotnya
wowowowok
semuasalam
melebihi
sekalisuskes
gilada
gilaseh
ucapkan
jelekyang
darkside
peminatnya
ytcrash
bandingakan
thebast
superynayr
randy
podcast
emezing
pedaslagunya
lamak
smpai
angle
tretan
bju
yanv
superpan
erickocok
direktornya
riot
cba
wkwkwkwkwksory
koment
toxic
motomobiautonetmagzfitra
kerasnya
skotlanders
agedan
juelek
sadja
voa
bales
bergarap
petcahbtw
awalanya
timonearapskidipep
kekuranganyamenghargai
asean
awokawok
bangsemoga
tag
dudududud
semudah
bdw
guwa
gilasi
tandinganya
bangetcoba
bomb
le
mendinganlah,mending
benertapi
sarjanadaftar,sarjana daftar
nikeren
bagusbut,bagus tetapi
wts
musicny
mlm,malam
ne
dagingnya,daging
td,tadi
semalam
terdislike
normies
milihya
indonesiasatu
fal
pwngen
bagos
rbu
yudsit
patriotismenya
tab
nampaknya
dislikebukan,dislike bukan
ewer
musikmixnya,musik remix
entertaiment
mengakat
mansadarni
ngejelekin,jelek
beside
must
kolim
twone
sukanya
liked
swariptipang
esketitdislike
asyiap
bgtapi
pra
clickbait
wahgelaseh
brandon
dakibolotkletern
renga
ditambah
luarnya
ngebug
road
nitizen
itachi
golongan
pembawa
dismpaikan
hz
parahbenerniat
sesedih
wagelasih
gilagila
kreatorsmoga
dynamite
alahu
nangiskita
amaze
trendingnya
terkutuklah
red
merindingapalgi
bertabur
unty
ngenak
menangis
bawangbawang
ayok
korega
trendingtrendingtrendingtrending
semagat
aslikerenhuh
download
bobon
namakan
disisipkan
bud
nyesek
ay
kaboax
gaysbagus
sasang
abisgabisa
sasik
bangetz
parahterimakasih
akusukabangetastoviroalajim
kejadian
creamypandax
frostdiamond
animal
hanin
obrolan
ngupas
riaricis
bertahan
maygat
hastagnya
gunakan
whoever
keterlaluan
melow
uwauhua
fajira
gmantap
fpi
baguan
projects
insane
masterpiece
noh
other
abisterimakasih
menyala
hanindhiya
keburiqan
cui
chef
chek
treding
kerenz
sepanjang
pasangan
budgetnya
ntonya
raisoh
wowthis
literaly
diurutan
gabungan
mbeh
hayogo
trendingtrendingtrendingtrendingtrending
jngn
yasgokil
bgd
bagusbgterharumeski
tekmaster
odading
parahj
bisabisanya
trendingkn
semingu
woymerinding
wap
bangeterimakasih
semualuv
brando
vidioterharu
lohe
sukakl
smngt,semangat
manapapapapapqpq
didi
bertrand
berharganya
ngebuat
membuahkan
muhbusetdah
penutup
padil
akunlupa
streaming
lathi
gofar
kengen
fixsyg
malaysiasalam
sebuah
pipipipipipipip
kreatip
jirjat
mengawal
blanemisd
trndng
cf
impresive
gilo
greatest
seperempat
auluonya
spotify
woindonesia
mencium
woelah
kueren
sihj
emot
lokalmtp
moli
iwan
dijendela
june
dibantu
skuy
lov
siska
nagis
trwndingdi
disinigua
huwa
trndngyok
hems
muantep
nadia
tetanga
matikan
trendingtrendingtrending
menutup
kreatof
teros
mantabek
inim
lesti
upupup
menjelaskan
easter
lag
liata
thorig
bagusbanget
epicbut
anjovi
nagih
temponya
bangetsunguh
rans
savage
irfan
roating
ntnya
sutingnya
anjimwah
yuh
impostor
tending
nabung
poeiduhfgc
muhkeren
idenyahebat
memangil
recomended
thought
kesedihan
diatas
temenin
bangetmerinding
goglekarna
acil
rev
wibditonton
deny
windah
suampah,sampah
sebulan
kangan,kangen
brau
membara
nangiz
heheh
ones
want
likelikelikelike
uhuy
gilakrewind
yapini
merengut
kereneka
parahdan,parah dan
teryata,ternyata
terhura,terharu
jurnalrisa
kerensi,keren
whatskan,apa kan
lodingw,macet aku
legeng
respectrindudan
termerinding
may
bayangkan
treanding
srius
gasoline
garagarakovitsebilanbelas
skipgajelas
ujungnya
koreo
lanjuyt
pelajaran
dimatin
trendingtrendingtrendingtrendingtrendingtrendingtrendingtrending
holy
jmbt
akhiran
kepadakang
kerenharu
mongu
pertahankan
lopez
piece
aulionmantap
biarkan
dagikan
runaway
ja
dalopes
lololololo
hehtrendingkan
luv
chika
beruntung
anjirt
lihatnya
tasya
netes
gb
dalopez
kerenbgt
jangal
wh
senpai
kuterus
gaskeun
hgh
trendingtrendingo
menengangkan
trendinglah
melawan
malaysa
hate
terbesar
alipbata
ygbuat
pertahanin
ckp
pokokny
kerenini
hehekenapa
san
mantepgakerasa
prh
caur
overated
gwbaru
traveling
sayag
trnding
insidious
benarbenar
nangiskan
komn
rirepublik
skinyindonesia
solidaritasnya
terduga
sepainful
kerukunan
viewernya
bermakna
masoklagipako
mataku
menemani
broanjig
loid
copyrek
indonesiaku
mahj
bange
ar
yap
rabudesembernitip
bngtgod
terharuh
yotob
nyakena
tabubgan
bsa
gisele
trendingtrendintrenditrendtrentretrtrtretrentrendtrenditrendintrendingas
nontonyasukses
bisalah
citanya
maunanya
kusuka
tokufans
qg
parahsih
kerenpol
nangist
hanindiya
guejuga
inikeren
relate
keanu
ngetrend
dimalaysia
cried
kerenmantapskelas
menyentuh
berganti
spain
gilagilagila
bgtsampe
apapaun
habisedih
lahkeren
penghormatan
sunpa
manusiamanusia
dinamakan
gisel
sihterbaik
bangetbismilah
hbib
ferdian
wouwada
takutkan
wiwo
ancok
taulany
utuber
anjit
perasanku
vw
mba
apasi
terniat
law
hiks
suangar
trendingtrending
fnhnamdjrktj
tailah
fros
jimny
funy
dihasilin
trendingmereka
nontonyalove
yatuhan
ruben
bangaets
kewl
idgitaf
sebutkan
parahrewind
naw
gamernya
memanjakan
pecahg
lv
emotional
kebangan
yutune
kerad
lagikeren
gasla
mindoblwon
animator
asksksksk
nurhayani
nokia
peace
odo
wasem
ajib
termantap
nedok
menemukan
definitely
prlu
money
kekayan
vaksind
gasalah
epriting
erfan
mestinya
skurt
liatin
asataga
ngeyoutube
ugly
rewindindonesiakapan
abiseditanya
gokli
gokilmantap
gabutnya
fiki
berharga
kerenayo
pembuat
kerentrendingtrendingtrending
negriku
teruntuk
baimwong
burn
bangetpas
kelaz
gacoan
bkent
aninge
wek
lathihylt
mengila
marsv
wal
trendingtrendingtrendingtrendingtrendingtrending
lekaslah
patokanya
reso
ads
touched
trndingpokoknya
mantapol
lathinya
nongki
memberikan
bahagiaku
mantapsd
mengandung
jeti
rare
woiy
parahterkonsep
nasie
pokona
astago
terlibatkalian
keadilan
almiranya
diceritain
sayonara
permotovlogan
satirxindigo
lost
trendingtrendingtrendingtrendingtrendingtrendingtrendingtrendingtrendingtrendingtrending
another
biasaman
anjayani
delete
zom
sksksksmsms
trkhir
pemilihan
erpanrip
eastear
persatukan
syumpah
hahirnya
viewsedit
sedihluar
ybayuskagunghpshdk
woahindonesia
banged
zades
hepy
jayalah
asjsksj
iyabahagia
sinta
sarahkak
aguante
hadircalon
garatiktok
av
pembimbingnya
cry
meranin
copyrightpasti
monangis
terdiamkerenmantul
fiks
adh
bulanini
kerenbner
terkomplit
superbkeren
mengesankan
mng
bangeti
zuzur
casting
bertugas
malming
uwuwow
ternyes
mantepkeren
fidionya
temukan
nex
wg
arg
kurangi
htb
mh
dalgona
trendingtrendingtrendingtrendingtrendingtrendingtrending
maksudmu
airkutanah
gacuat
wagela
lightingnya
tolonglah
xixixi
kenalaku
mantapkali
srite
menyedihkan
favoriteku
manav
loe
kerenkacau
dehmau
woila
semngt
rispek
menakjubkan
jtitu
monang
abistrendingkan
inv
bangud
drift
jerkeren
ngitung
perpisahan
kecanduan
mengokil
setnya
kerenmn
syekali
trendingkantrendingkantrendingkan
nyakeren
mejor
kerenikut
kuen
mantaneh
adeknya
ancor
melvin
tidk
alhindonesiaku
galfok
sense
serunyaterima
jirklian
merimding
kurniawan
permotoran
diskrimnasikah
mendengar
enerjik
mrnurut
merindingbikin
subcriebe
sumpahlah
mundut
ditambahin
bangetyt
endgame
terl
ru
gda
berbagai
kerenpetjah
menghayati
parahmerinding
ceoet
inigaskeun
buzmatch
farawel
kembalinya
mengharukan
heh
naikin
ealah
warintil
terparah
drisini
banya
woyoutube
semriwing
kambeng
mengadukaduk
ngundang
weve
berbakat
damagenya
aslie
gkada
itrending
ndk
sblh
dinikmati
baguslah
semogaku
uangnya
woilah
facebok
parahs
silahkan
berakhir
kerenterharu
ngt
merekakreatif
yala
mv
mntb
tjakep
odadingnya
server
yeas
nike
skynindonesia
terbaru
pokoke
kendor
ungkapkan
beratsemoga
ngestak
sigh
aslik
nyalakan
trendingatau
bimadudev
pakdem
abisz
mentap
berbagi
apazi
pecahkerenthe
sumpahsampe
kurangyang
kerusi
mengisi
bangest
meme
kedepan
dibwah
wobagsuarumahyabagus
again
sekalinya
kehilangan
gilakampe
edian
kinemaster
naiseu
cuytrending
whoa
kecilnya
thinklebih
nyebut
yig
mengajarkan
arnold
hopefuly
aks
gamingnya
trndingtrndingtrndingtrnding
bangu
senyumnangisenyumnangisenyum
parahthe,parah the
rapih,rapi
penguna
mntf,mantap
whathe,what the
yawlo,yaallah
ava
respectrending,respect trending
ninokuya
wus
season
manstap
dolnya
cray
ziko
nyentuh
semalem
gugurko
hrgtf
kerenbye
apic
kapanya
luwar
blink
nangids
terinspirasi
trendingtrendingtrendingtrendingtrendingtrendingtrendingtrendingtrending
ternding
satnya
aj
neken
among
nanges
semuanyajangan
sky
ahgila
jimy
fidio
bertemu
huhala
cikay
yahahaha
gokz
ocbc
merasakan
ded
budigaming
conel
terusin
question
day
bgtkeren
lahtrending
ownergantengdoangjemputcwedepangangakdiajak
sumpahin
mempersembahkan
shin
brow
narkoboy
parahi
naikan
semerinding
menkrep
production
youtubeone
manteup
iklanya
mantepbang
penyemangat
tetapkan
kerenwoiya
nysel
eow
wadidau
kerensedih
terbaiklah
pogchamp
gojs
malaysiatranding
garaga
dmasukin
menceritakan
dual
bagust
gasbro
ananta
bangetpecah
meinding
riasw
objective
apansih
adsensenya
dugem
sedihnangis,sedih nangis
us
chep
lutfhi
tengiang
ricardo
pandax
nesia
wasu
jaguh
krenzthank
merindingtq
bawangnya
merindingnangis
trendingtrendingkan
wiblike
jancok
gresik
uapik
terharupengen
kerenbanga
sukakenapa
menteup
ihiy
nerusin
dabos
fhjfh
diomelin
bry
kekeye
mantapbost
satisfying
melupakan
pecaharus
serem
nontongod
terjebak
bangent
sepeck
yan
redorz
lesgo
micnya
nari
dibuai
lebaynya
nontonyabtw
bangatsemangat
coke
fr
meningal,meninggal
qguobloks,goblok
ulangulang,ulang-ulang
survive
bats
tergokil
menghormati
aulioncliow
bangatsaya
bravow
say
frostdiond
sukaduka
sukurlah
daranya
ngada
waow
ayodong
ngechat
taruih
subsribe
berkatakata
kejangalan
apasihkeren
yeash
onad
kerengilak
bajiluk
perhatian
gabungin
jngan
same
matin
wkwkek
dahyoutuber
menyadari
mengadakan
kewen
mixingnya
parahtrending
diselipin
realyudh
sindiranv
sht
sadending
glodok
sampeulang
jerom
apani
mksih
job
apike
trandingnya
berlindung
parahbest
dapatnya
aldi
mengsedih
goksbnget
gwdiawali
kataini
shinzou
nontonyakeren
sumpahbyk
direc
legah
bangetmonmap,banget mohon maaf
ditikung
bamru
puyuhnya
rewidnya
guwe
ily
kenanganya
trand
rainych
ahw
merundingnya
norman
trimakasih
disubrep
kelvin
giles
gintip
suwer
parahmantep,parah mantap
bangetaku,banget aku
terimakasi,terima kasih
erikontl,erick kontol
diem,diam
warudo
kpopers
godluck,good luck
satukan
highclas
repost
yagada, ya tidak ada
disconect
nangisendingnya,menangis endingnya
oce
leonardo
sumpahmerinding,sumpah merinding
oalah
ngobrol
ekpresi
menanges
kelasgada
bapaknya
sangadh
imposor
gabileh
trndnjangan
municrap
social
wawgokil
rekaman
nyindir
ampon
subrek
spot
qedfg
wonderland
gaberenti
woylah
doakan
rizky
terthebest
gasken
yuks
deway
hary
grak
bagusbagus
rewatching
milenial
bangetdalem
donkey
diungkapkan
bangetsampe
disambut
berduka
trendingas
aurel
minang
hbh
kerenbnget
kerensemakin
kasitau
gerakan
mnto
jagoan
insecure
nkri
ataga
adsens
luaskan
terberat
emosiku
emosinya
children
wonderful
bangetparah
sedihnya
tiktoktiktok
mantapmantapmantapmantapmantapmantapterbaikterbaikmantapanjing, mantap terbaik
tomatayo
layaknyamemori,layaknya memori
dita
bangetsmpe,banget sampe
aslina
cringeawesome,cringe awsome
india
naisa
ormas
trendang
ayas
gosebump
terbakar
edun
gokilabis
selanjut
neptunusini
ope
parahomg
iniga
soyuz
niki
wae
mampirkarena
life
detil
gogle
boyband
pmpl
nyalimu
adsnya
laili
nicelove
udahlah
juancok
mesie
cokimuslim
matav
terpantes
terbaok
cuyleren
owhshet
trydig
jawabanya
gasi
gibra
dyaland
jendelanya
komem
malaysiavid
lh
premiernya
melepas
berhijab
milos
donkil
perempuanya
spechleskeren,speachles keren
nyokap
senyamsenyumari,senyum
negaranegara
buagus
gokilsampe
bernyanyi
kebayang
namaku
kacaw
silverskin
merindingse
pnasaran
fuckin
gilaini
redor
iniemang
tq
sihtambah
biasaw
magdalenaf
scenemusik
terimakah
milhnya
bansos
haredang
whatever
kanah
bangetvalid
beradik
leterly
sholat
tone
bjier
emote
terlibat
vienya
trendingkeren
menyaksikan
iluminati
brayan
nangisd
evosziyan
trendingdahla
pinkpanda
milenialsemakinykin
menyimpan
mnitan
pr
doaku
awsum
gantian
brorhewindia
bumiku
bng
bikinlagisemu
sumpahaku
club
keabisan
perkenalan
alibata
laen
ngawi
minecraft
thisdoes
citacita
bergetar
akwokawok
nansns
periodt
memulai
gsiwysishwiwywiywiw
sianj
interview
seterus
fideo
bianget
muter
trendingyg
bangeterima
karasa
chky
pakmuh
epick
adios
merindingwalau
dokumntsi
giant
adapotobutejodahgitujabahagia
guguran
blandmistmasuk
sneng
pack
box
bangert
doanya
mindblowing
kbl
masyalahmerinding
aestheticnya
indonesiamaju
jawa
mampoes
thomas
kelaskurang
outstanding
lalisa
emangnya
unreal
gogks
berahir
parsitipasinya
menitnya
smape
influencer
bangetrewind
netesin
merinsding
jgan
pesenya
mainya
kepanjangan
tod
squid
editin
jogetnya
politiknya
joni
ampunkeren
sarawak
persembahan
kochengnya
nangisudah
visualnyamnrt
translate
ibunya
bijer
jfc
helen
berprestasi
ketce
bukahabis
sangatlah
gracious
cuih
giler
kotabaru
skinindonesia
termikasaih
gilek
spechlesterharu
seharus
sindiran
emaknya
refrensi
ustadz
dipaksa
gamespot
membolak
bangetahun
tiktod
hade
menrinding
roskomzdrav
pround
initerutama
gokilmerinding
strem
suguhan
warnanya
hasilkan
janc
bangetsiapa
gag
bantuanya
megahterima
skz
ck
kerenthe
tikotoker
berkhayal
nyuci
laura
aksksksksksks
bobocu
bertul
lockdown
diasuh
slu
ngambil
cya
bangethanks
pertiwiasli
sampaikanya
menginspirasi
puarah
layangan
masyalahkeren
kudos
coin
karyaya
keilangan
pargoy
hype
jastok
hikmahnya
senigod
memahami
jayanya
yare
begete
simpulkan
kerjan
diperhatin
kopid
aritu
dh
nicesemoga
vindes
tbl
scarlet
bermanfat
cukmerinding
tiktoknya
dijadin
boba
ngantuk
belerick
menjaga
gemoy
vanget,banget
groth
kerentpi,keren tapi
sesek
indonesiacreatorsforyoutuberewindworldwide,indonesia creator for youtube worldwide
scarletnya
pagipagi,pagi pagi
dibiasakan
bpk,bapak
seruaku
cz
shesh
ndebest
esto
inpluencel
anuku
woaj
kerendan
ahir
miauawug
loch
merindingterimakasih,merinding terima kasih
gamimg,gaming
daebakeren
bawahnya
kerenkaya
samq
adinia
dimengerti
bgtsi
ngetri
gal
ibuknya
kebapa
jamet
fery
salmanan
memuji
dialami
maning
nuansanya
yaindonesia
jiah
nelen
sedihsenengkaget
setinginya
tydak
thnks,terima kasih
sriusan,serius
jkt,jakarta
kulihat
parahkeren,parah keren
crying
parag,parah
giayeng
yoituber,youtuber
upgrade
mengejar
mukbang
ran
berkulit
kreren
rep
kingly
lindungilah
kerenbintang
celoz
persedian
jelaskan
menderita
disuguhkan
orangkamu
carmen
aslitapi
bitcoin
bgtop
stray
dienjoyin
kerenq
dimengertisemoga
mencintai
tontonan
beribu
owemji
deni
timestamp
bowreng
wahgilaseh
ditambahi
kerenwere
stuning
indahini
esport
arafah
pemeran
circle
kimochi
apanya
play
mecari
dibandingbandingin
kerenkali
tebuly
meng
jadinangis
movie
slese
ayahku
durasinyaminimal
mantapkonten
dipandang
bagiku
kelaman
bangasalut
kakpanutan
puol
agh
rewindtp
gokilkalian
nft
gd
fiersa
formatnya
shet
producin
terepic
bangetga
monangiskeren
merindingngena
pemahaman
bangeterbaiklah
alhail
mukul
sekmen
nbl
peraih
subscire
lucuk
rewand
ngeboseninpas
takemichi
mbl
masan
indola
fikxs
gokilsetiap
harti
segalagalanya
miawaugmantap
bangetd
sangkin
gilabener
keresahan
efortnya
pride
merindingmo
adenya
dipenuhi
performed
komtol
sajian
gemink
maksutnya
nangez
sbl
rewin
mengkeren
karegi
guetapi
berpuluhpuluh
shout
kweren
mod
sorikun
dilibatkanya
wowkerensukses
bangetnontonya
dipahami
aetinya
bersolideritas
brayen
kejogetan
sbdkdndkf
juicy
endingnyasubhanalah
evil
malesnunguin
berisi
berpartisipasi
bangetjujur
lukisan
kejutan
sebagai
liatny
ngl
godamn
kerenkonsepnya
duhserem
pendapatanya
baha
sikok
jatuhnya
madura
atlit
amazinghade
wedyan
penjilat
brianya
pertiwinya
ditata
ciye
fikir
arahnya
bangetbanga
omgosh
ngetren
saingin
bgung
industry
bugas
fixed
ciao
ludahnya
kakeku
sampahsirkel
mampos
anding
permision
thunderous
each
wowkreativitas
suportin
kerenm
kebetulan
gadiajak
penerus
referensinya
spki
menakjubkam
memaksakan
opo
merindingsajian
merindingkeren
mengurangi
situlah
roast
bgtmedley
pemerintah
narasinya
perkumpulan
tersampaikan
superb
ngejelasin
inimh
lopyu
ahirnya
anakanak
nerf
toker
idih
marinding
merindingterharu
rate
dayana
joged
lagieleven
neks
melelahkan
iq
jagalah
ygy
jelesin
pembangunan
nuhun
admin
luhut
kenen
sebanyak
adhinia
merindining
mines
bosqu
projek
titktok
incredible
setingitinginya
greycia
limbo
medi
tekejur
wilie
didalam
mirisnya
kerenproud
yamg
jeder
maknya
nangiskeren
nget
overpower
fuji
udahla
tio
seninya
medy
wowmenakjubkan
riwain
itamazingdalem
coments
tokopedia
biasabanyak
sindiranya
ticktoker
universe
terbaikada
ibuku
ngingetin
gokilz
trendng
okey
aespa
wohoho
masive
terbangun
gilakselama
zombi
kebangetan
tahon
dinego
kesehatan
graceful
maudy
memberkati
moneylalisaon
berkedok
bibon
nanis
mwantap
bangetkok
bertanya
kontern
recap
dosakah
vegan
ternganga
isiny
fadly
gangotak
lighting
satan
wuapik
discene
bsnget
pesen
memikirkan
biasasangat
nana
esportnya
ceritakan
rah
andrew
kerenwe
qt
sedihx
ngajakin
indonesiasalam
dredek
famtastic
mengertos
scralet
kehormatan
paduan
musika
lidya
kelasz
uwih
btul
biasanyakeren
abisterharu
ngiris
luara
pemujan
mage
wowowow
memuakan
nanem
dihati
duile
ghosebump
tersampah
sihdurasinya
firsa
youtubertolong
selamanya
bercampur
hahahahahaha
nitik
mom
kenyatan
england
gunanya
usahakan
meluhat
aslikeren
sampaikan
rewed
menunjukan
yesthis
binjay
auliof
mamanya
bt
musical
dikasih
nyh
kagumerindingteriakas
popo
buatku
awalawal
known
chuaks
cukj
corana
gilague
aubrey
apinya
bangakek
ricistr
madep
dovijovi
ngerik
greysia
gljs
memakai
page
reminder
omo
tiktokres
erika
sie
bngetgokil
majestic
dancer
tanaman
nangsis
mempesona
tersirat
spider
rehan
meneng
wle
pembuatnya
bangetdan
bangel
seleb
wahapkah
merindingbngt
nt
bl
anya
ghosh
lest
uwuwuwu
ramdan
cepatpulih
starbe
negarakusemoga
ilove
joji
abisbikin
nearly
sumpahterharu
eiyo
alahbaru
maksudmasih
nangishapy
olympic
fifi
tanboykun
iyalah
berkatakeren
nangistapi
sangad
intense
kuytresdfghui
bangetudah
tenkyu
meneteskan
pentingnya
rewid
fuh
indnesia
turu
menyimak
dtg
mengontol
makana
fariz
tuenan
petcahsemoga
termewek
nonjok
divisualkonsep
cuan
sponsorjelekatanya
gilagua
salma
buzet
gempakj
vanesa
lebij
miawau
ptq
ledib
bgtmau
mrindingbanga
tamara
cirkerlan
dijilat
jery
kebobrokan
hardwork
sakali
apasampe
krik
place
digarap
bobonbsantoso
manisgokil
bangetjadi
kwerwen
loc
kukira
miawaugdedyg
menyuarakan
ahlinya
tikrok
heits
kerenluar
dahlah
tiktodxyutub
freak
mahakrya
dibungkus
bangeterharu
petcahapik
amerindingproud
bangetmantaprewind
perbanyak
uwah
pero
reply
bruyan
alternative
started
greyap
menunguakhirnya
tiktor
pensaba
sekumpulan
tandingkreativitas
wawaw
dika
heart
jwlek
aktornya
sisca
gasuka
tusponsor
slalu
comend
terwujud
kreatornya
ketje
hilangkan
apenih
bangetrendingkan
hitzhed
abizchanel
tktok
storylinenya
pemenang
dibikinin
nevernever
nugas
merindingpengin
ariel
parahsampe
faka
thriler
yamet
cug
sebadanbadan
dimengertos
nontonyatapi
kerenalways
syi
tm
parahmenyentuh
wowew
gambaran
bosquesalam
gaiz
bawahtumpul
wowkwjdhshab
menanam
bewarna
tayangkan
pewcah
tarian
didapat
karsashian
sekalicukup
tersentuh
said
wekly
bersponsor
garatik
hold
present
putrasiregarsibobon
wahgila
tersiratnya
sebutin
mboseni
diawali
soundnya
gabuat
jujurly
menyebutnya
mengerikan
betkeren
mantapnyesal
ngeletak
neanya
wuanjer
muantul
mengimplementasikan
pwol
works
abistrima
nontonyawlpn
kmrin
bo
syalan
gemeter
subarashi
vip
petcahkeren
hshshs
update
melahirkan
sepedanya
nonto
bangetlebih
kerenudah
youtubetiktok
anjayz
bangkitlahkarena
tembakan
dody
terharuindonesia
abistergokil
join
ur
overproud
pelajari
cowo
sekenceng
sampaih
nontonyayg
tahunkagum
dikembangkan
ismail
hoah
speachles
bangetmakin
duniaku
terlampau
bangetsi
kerusakan
konteksnya
sekarlet
kirimin
nangismerinding
malaysiajatuh
markotop
supah
memajukan
hinga
mbleum
pandah
sejam
melampaui
musikalnyatapi
tht
binjaiudah
bangethank
whait
percah
dibarengi
kegabutan
gwendeng
mencoba
bryanfuran
winda
pernandes
tujuanya
bangetopsemoga
bangetkaget
nanam
malay
gajls
sajawah
aslisi
sihaku
bgtmantap
kerentolong
cinemanya
diambil
remarkable
nyakalau
maknanyasalam
gokilbanget
ijoijonya
tumbak
cil
odgj
mudamuda
bangaterharumerindingsampai
merangkum
hermoso
diterima
sklindonesia
seleraku
pengelolahan
ngerajakan
abies
anandaku
kiano
emon
windag
wawow
bayangin
beatnya
kalok
bgtsemoga
singungan
terusini
skarlet
kel
gphm
mantaptetap
kerewn
puluhan
holywod
dzawin
ngalir
abisbwagus
kontrakomen
pisangnya
euni
timboi
gokilserasa
gedeknya
tamparan
imagine
sureal
masyaloh
jujurto
terdalam
cekali
karnya
sebenar
wowngk
kenalpdkt
ektingya
vokalnya
baned
kerensih
membayangkan
idolaku
bangetbtw
lampunya
masyalahkalian
beterima
cukuplah
bernuansa
hp
sebenarnyatapi
gregetkurang
purely
digunakan
melted
bangetkreatifitas
barokalah
chuak
kemenangan
proudkeren
diacungi
buenardo
kematian
terharunya
mengingatkanku
believe
muanteb
katamerinding
pengingat
binjaisalut
nikita
njy
boseni
deck
bgtbenerbener
creativ
tiktd
merindingterharuluar
bgtpaduan
rzd
fckap
nyasemoga
neomu
ud
slsai
bagusas
parahjaya
amajing
crypto
indonesiapun
bimopd
yuyurly
thailand
seseru
bangetsukses
kereb
galjetot
ngleliat
dino
bjingn
deserve
sasageyo
wowsumpah
wahapa
cinematicnya
talent
cuok
blas
mlongo
knsol
yaloh
celos
bnga
rustic
menaruh
anakya
menyampaikan
kerern
minutes
mie
abisedih
windia
ngarepin
rocky
anjaye
satsi
temanyajangan
greyzia
bangetbagian
nangisah
wihkerentpi
mukidin
membagongkan
nindihin
gresiya
pecahgila
dipikirin
starlet
bersedih
jingan
fimnya
kebersaman
bersholawat
nicekanjut
ditungy
kerensaya
bangetkeren
nutshel
ituma
njrir
terbaring
tikto
wouw
akhiraku
terdiam
presetnya
menyeramkan
more
mantapendingnya
bangwt
redwind
gring
tvini
amazed
awokaowka
siregar
hoh
flexing
babget
lihatny
maximof
miyau
jer
coach
ngatuk
akwowoakao
lohsampe
tsay
lingkaran
kualutas
nyatuin
spechleskerend
rewain
kerew
bebaskan
biasacting
casa
sircle
mendeskripsikan
ladies
bwang
sby
briliant
awowk
semuagak
kameramen
amaz
worst
menitku
many
ker
hl
berhasil
njs
gsh
natalie
suwandi
wokwokwkwok
alahmerasa
dijadikan
hue
siamantap
bngat
whoah
sitokin
bege
gokel
setara
masterpiecegila
bangetsemangat
drakor
promo
timnya
masterpice
weyh
epical
kurenglah
bgtgokil
tercantik
resident
wibest
flex
berkacaterimakasih
nihsemoga
verived
legenan
nilainya
bets
gokildari
kebinekan
tatara
azib
nicex
kerasanya
tigtog
segede
kerenyapas
membendung
rewarch
tsuki
yautube
ketebak
reuwas
meleleh
huwawuauwawausk
maudymy
alhmdulilah
minusnya
jumping
sihcuma
couldnt
maximal
asia
sancaka
kecew
dimanjain
melawak
kudug
terselip
amarah
cringes
hoshikagekirameku
choir
menyindir
sedepan
gokilspechlesmerinding
irene
bangetkbl
beriklan
ngelihatnyavery
use
najisrewind
biasapatut
pilihan
bobonwindah
cog
terbayar
sndiri
sponsornyav
going
unexpected
difb
mudatetap
agustusan
semuakeren
thousand
ngepargoy
pansih
banh
kakparah
emil
dikibarkan
nyumbang
blunder
peryutuban
melakukanya
penjabat
berterimakasih
seblak
barbenheimer
design
bervalue
berterima
magic
hirotada
hoby
event
dalemnya
petcha
mtq
mantabe
andalan
presented
props
bangetmalah
kobo
hansen
membela
berenti
bangetumbuh
scot
tf
tersampaikansangking
tomo
gueh
beginiaman
menguras
lahbagusan
megawati
sl
chand
vilan
merindingkeran
sumbangsihnya
bothering
frimawan
rohingyangasi
dustin
apalgi
etetetetet
gilsd
hebaty
kasurman
dikatain
jiper
serukurang
pejabat
berbobot
bangetjesica
greshan
senangnya
capresnya
menciptakan
diriku
bangusnya
cipung
war
gakayak
smpe
menumbuhkan
membasmi
hoto
kerenterharundak
kuducku
wuah
indie
nami
pier
trondol
akwkwkwk
tahunkeren
alponekiyah
wahbang
papua
mengangkat
meaningful
lagilagi
iyak
cast
rating
trimaksi
edsens
dean
pandawara
indinesiakonsepnya
palestina
terkemas
fs
oshi
kungkingkung
eca
njirlah
uelek
dstang
sambo
ev
pelakunya
zoro
anjirlah
atun
improve
diserang
melihatnya
insalah
keseini
nopekiah
freya
salud
ketipu
hmsepanjang
dsini
kahje
dinanti
shani
dul
palestine
ferdy
abismelalui
anjali
walawe
bangetlupa
bercanda
brinding
terimakash
mempresentasikan
doremitulustiara
gildak
terkocak
terhinga
praz
bryen
mahepic
memanglah
sanji
terwakili
dibesarkan
hatinya
nest
alvirev
sekaliterharuluar
indonesiatolong
suru
mpe
bgtp
kagetnya
mengartikan
wakh
sumpahkahet
imho
merindinh
petjacah
bernyanyilah
kerenrewind
bangetdibanding
terbiasa
hentikan
somebody
bnaget
weding
bravolagunya
ketidakadilan
meragukan
ghafur
terlalukeren
memotivasi
merindu
bangetf
kerenko
shoptaunya
nimuncul
bjitr
sumpahkerenbanget
christy
uwogh
parahbikin
farewel
yja
semogha
usop
ronaldo
chelos
bri
diket
gota
rewinf
hepi
seterusnya
nays
color
terinakasih
perpecahan
vior
persembahanya
hadeuh
muha
furan
umay
vilainya
semuanyasukses
bgtsmpe
bokir
kedudukan
mengobati
echa
mafkan
lato
wardani
tertumben
velin
bersatuwalaupun
christian
os
awokwkwkw
terimahasih
sehatsehat
anjirsory
baguspara
bryn
alfi
ditarbrak
yada
gebukinya
terharukeren
medleynya
kerencuman
nangismeri
mantrp
gut
apriciate
libatkan
bukemaren
meningalkan
bangetsaking
katakan
aslibtw
omara
landscape
bangetselalu
neteskan
marcelo
terbaex
sekalithankyou
beresin
berapi
kerenrbj
mengundang
naroh
bagusa
djarum
teuing
candy
kuroashi
rafael
arhan
kanjuruan
carlos
parahthanks
rewindtiap
sebercyandya
skibidi
cipungnya
yohanes
bgterharu
serena
gre
creatornya
spertiny
platfrom
parahmari
zombie
disepanjang
isai
nopekiyah
ksih
cihuy
indoensia
doramon
monanges
acting
seblakeren
berhentinya
sauwanguwar
ngis
ep
valorant
kanjuruhan
siu
scam
wahternyata
sepertiny
bgtbgt
membaik
gasih
manteplah
kedengeran
pqk
cuplikan
bused
sui
tutorin
ledakan
biasaharapanya
boger
amay
mayden
dhot
suksma
menyesal
behemoth
nyasampe
streamer
memukai
bgtsuka
curut
omded
gokilchandra
bergerak
melenial
selamatkansuarakanjadilah
bangetsuper
pingir
diagnosa
tek
fkn
gwenchana
selalun
kekuasan
hoho
seagame
menyumbang
mdhan
rambo
berkreatifitas
letsgo
mantapul
tomoyama
melibatkan
indomusikgram
ber
mk
pemainya
ora
kritikan
ampunsalut
keadan
dipenuhin
hk
tekotok
roronoa
onoh
gajel
penjahatnya
sesunguh
kerenbanyak
bckground
biasasemoga
mempersatukan
pertamakali
lita
jeketi
selotna
internet
chadra
seventen
cuyuy
novian
damage
nontontp
ferdi
anjrot
kuerenmerinding
ajaibnya
briyan
wielino
pascol
weldone
mkmk
yagesya
comedy
sesepuh
sumpahada
blenaki
gokilbut
wendy
diraemon
sumpaj
berwird
jafarnya
grand
yamanok
bebener
meremang
kerenspechles
gentarnya
dmx
pukulan
penipuan
yaiy
infokan
kerenpemuda
kakbiasanya
penutupnya
kualitasteknis
pemerintahan
diangkat
slipknot
sipaling
iai
nangisthe
kebawa
way
band
kerenkerenkereng
unbelievable
kerendari
penakut
lav
pilpres
terhormat
omdhwhsbauah
wawak
aselik
shotnya
pwk
berkelaz
ugh
kerenselalu
nyadan
daym
nopiah
komang
corbuzier
jeka
kerentrmksh
bahget
lopes
alnopekiah
norton
kemeren
wowowowowowowow
secuil
howey
seandai
prabowo
slot
mengeluarkan
nyingung
diuploadnya
menyelip
selalau
aka
menyongsong
wanpig
klos
kerenbikin
terimakasihini
bangedsmpe
perjuanganku
dikitsemangat
samangat
pembawanya
epictapi
osam
highlight
op
sekor
jadilah
produksinya
angis
ininyg
sepeberapa
sokak
smpek
batiknya
hindia
cupid
masyalahkwerensemoga
memg
dibelakang
wawawawawaw
mehadirkan
jalursaranjanaskribidobdobsatria
segimanapun
bagusbukan
fhd
menyerah
keret
onic
terharus
iniapa
mangkeren
asoy
dirga
ketceh
pakae
kelad
faris
makeupnya
dibuatnya
menjt
katakerenkerenkeren
mbakbercyanda
adiku
riacantik
bangetsemoga
bertarung
berkontribusi
sinematic
penjualan
yelow
kerenselamat
youtuberewind
teringat
terlebih
paleng
bangetr
kpd
bokobokobo
berdoa
sodrak
mangep
powl
sejauh
menanti
lgsung
ibuibu
amazingdari
gunshop
sebahagia
aplgi
kekuatan
terlupakan
cuyt
dinyanyikan
goksmerinding
bgtapalagi
edwin
falshback
tutorialo
nadhif
omaga
keluarnya
panaroma
hajatan
bangsaku
bangetkenapa
cld
ampuncongrats
kmaren
dibawakan
aslin
nantiteruslah
menangislah
cameonya
gilakthanks
yta
berkreasi
hat
pecahmerinding
bangetimpang
bangsangat
gilaq
creater
indonesiabagusan
warior
dimainin
wahkerenz
gentarmembela
narik
wokwowk
mempertanyakan
pengambaran
berutal
bangetkalian
pembawan
menjdi
goki
penawar
juarang
nampilin
liaw
kerjasama
simpulan
bejir
gbs
heartfelt
whahahahaha
mbela
jomplang
telibat
dilewatin
skinyapakah
sesunguhnya
diomongkan
shop
cirambai
glad
majuk
replayisinya
tertingi
nangespenjajahan
aowkaowk
propesionalmah
gustaf
mulyadi
candraliow
sebesar
lucuan
boster
pole
papahnya
polmaju
fikinaki
gokilkado
ramalkan
penyepong
anjengkerja
presidensi
senengbanget
sangarsampek
productionya
nyanyian
nangisgila
sinior
rifda
bngtmakasi
menolong
kerenseneng
ariani
huagh
bangetrt
bangetrserius
sehinga
abisrewind
chils
ditutup
dg
tayangnya
wowamazingdpt
reflek
cino
khozy
ice
terganti
kalini
rieksen
nontony
dc
strange
berkenan
bangethe
sanjikun
windahnya
taste
ngeblok
alahumasholialasayidinamuhamad
harapanku
close
yanti
erikolin
bersedihnya
fernades
rewindonesia
trimaksih
ritasya
polmerinding
kenpa
ples
diyuitube
hiden
mc
value
mendapatkanya
skli
giska
omagat
rewing
wouy
tetaplah
mimondi
usman
semngatmantap
bertahuntahun
gamespotkok
bowring
omagah
saranin
bgtbgtbgt
akoakwkokoa
wir
expected
fajarsadboy
bromo
cincinya
realit
dero
clasik
deui
wedeh
berkembanglah
rewen
dinkes
jiwajiwa
berikan
biasasukses
goals
teriamkasih
davi
cokmus
narasiyang
bekerjasama
bertahanlah
bahagian
sebadan
lngsung
something
melakukan
headset
sren
argjh
segampang
bngd
sugoikeren
fulsetiap
ayahmu
perubahan
termimak
wui
sumpahtiap
sticker
meningkat
sleding
edanluar
saranya
membarabineka
thanku
note
inikan
specles
parahbiasanya
terobati
pecahbagus
rock
tungutungu
kerenbobon
setanya
ditangan
megalodon
liatnyabagus
kameramenya
kiw
bawanya
prabowmen
amt
oversimplified
ome
merindingf
sponsored
merind
gorgeous
elalu
bersejarah
nad
kufra
aproved
pembikinan
diamana
dirungutungu
ituy
hrus
trendingkeun
rolercoaster
shiu
kuakui
omongan
tengkyu
kerensemua
honey
candraliaw
mewahan
meronding
mevah
javierstoy
strimer
anjaydustin
nihga
dpr
rawr
modswing
membawakan
anime
kerenkarya
circel
terdengar
pler
esports
abangku
jktnya
sebanga
wita
petualangan
musuhnya
rohingnya
parahsi
kmna
luarbiasasemuanya
puh
khususnya
ternyta
coi
lauren
vilain
sudh
peceh
merindingbgs
bngtkaget
setingi
berkuasa
berkaya
kebagusan
gwbisa
sng
bawakan
masyalohkeren
menjadikan
pemoeda
perlawananya
benarkah
ngelawan
smpk
semogah
alisnya
arh
kedatangan
dark
perjelas
miscokmus
rungkad
grntarnya
maou
amjk
karyagak
parahtapi
bangetmrinding
ajasoale
ikutsertakan
bangetpart
dukanya
mengharumkan
gamungkin
replayrewind
pontianak
somebodys
standupnya
bangkek
nangiskenceng
unsubscribe
wowgak
kerens
melangkah
keputusan
owowowowo
abnget
pikiranku
ehek
rohingya
hamdeh
menua
title
aksmdyehejdjdj
takjubterharu
huhf
kalakasming
mengkece
asterisk
semuasukses
narok
bangetlagu
vinsmoke
dilalui
trimakasi
kulo
bahasan
terikmakasih
devinisi
fifa
left
tabarakalah
rewindrekap
bangrt
jamsker
dikemas
emosinalnya
brayn
biasakan
aedih
inipesan
mngharu
usaimari
ngewrih
astaganaga
tiktokx
aer
cute
pencinta
cepio
pilem
nghitun
cumayg
hiatusnya
tionghoa
orangan
kurser
omgterus
menyanyikan
semuanyarewind
twoman
zjsmsjsnsmsjsn
kerenyaterimakasih
frisly
nyetir
pqnjang
kerentp
trlu
tmbg
mashalahsuka
akhrnya
tayangan
tomohiro
sangatsangat
parahgokil
mario
bangetbikin
merahnya
penulisan
rado
menyajikan
kabeh
merindingsampe
brynt
memenuhi
ditunguin
berkacakaca
chandraliaw
ininih
mendunia
isekai
opnening
daripda
weih
cjcbsi
mariadi
huah
najh
merindingini,merinding ini
fair
syng
lewatin
kecintan
rombongan
uwapik
bernilai
habisnya
capres
rohingyah
masterpiecenya
ngide
